ID;START_DATUM;END_DATUM;HOEHE;LAT;LON;STADT;BUNDESLAND
1;1941-01-02;1990-07-01;478;47.8413;8.8493;Aach;Baden-Württemberg
3;1891-01-01;2015-04-01;202;50.7827;6.0941;Aachen;Nordrhein-Westfalen
11;1984-09-02;2024-10-01;680;47.9737;8.5205;Donaueschingen (Landeplatz);Baden-Württemberg
44;1973-01-02;2025-11-18;44;52.9336;8.237;Großenkneten;Niedersachsen
52;1973-01-02;2006-01-01;46;53.6623;10.199;Ahrensburg-Wulfsdorf;Schleswig-Holstein
61;1979-07-02;1982-09-01;339;48.8443;12.6171;Aiterhofen;Bayern
70;1977-06-02;1990-10-01;712;48.2052;9.0371;Albstadt-Ebingen;Baden-Württemberg
71;1990-11-02;2024-01-01;759;48.2156;8.9784;Albstadt-Badkap;Baden-Württemberg
72;1982-09-02;1999-06-01;794;48.2766;9.0001;Albstadt-Onstmettingen;Baden-Württemberg
73;1963-03-02;2025-11-18;340;48.6159;13.0506;Aldersbach-Kriestorf;Bayern
78;1965-01-02;2025-11-18;65;52.4853;7.9126;Alfhausen;Niedersachsen
90;1992-02-20;2025-11-18;305;50.7557;9.2583;Alsfeld;Hessen
91;1982-11-02;2025-11-18;300;50.7446;9.345;Alsfeld-Eifa;Hessen
93;1981-12-02;1982-11-01;269;50.7691;9.2542;Alsfeld-Reibertenrod;Hessen
96;2023-04-10;2025-11-18;50;52.9437;12.8518;Neuruppin-Alt Ruppin;Brandenburg
98;1887-02-15;1959-01-01;780;51.189;8.4671;Altastenberg;Nordrhein-Westfalen
102;2002-01-02;2025-11-18;32;53.8633;8.1275;Leuchtturm Alte Weser;Niedersachsen
106;1975-01-02;2010-12-02;500;51.7976;10.4429;Altenau;Niedersachsen
116;1951-01-02;1977-06-01;213;50.9833;12.4333;Altenburg;Thüringen
125;1978-03-02;2025-11-18;742;47.8342;10.8667;Altenstadt;Bayern
126;1983-11-02;2014-12-01;330;49.5447;10.2213;Uffenheim (Schulstr.);Bayern
129;1995-01-02;2011-01-01;33;53.6893;13.242;Altentreptow;Mecklenburg-Vorpommern
131;2008-11-02;2025-11-18;296;51.0881;12.9326;Geringswalde-Altgeringswalde;Sachsen
132;1957-12-12;1991-10-01;750;49.7725;12.3891;Altglashütte;Bayern
142;1959-01-02;2025-11-18;511;48.406;11.3117;Altomünster-Maisbrunn;Bayern
150;1955-01-02;2025-11-18;215;49.7273;8.1164;Alzey;Rheinland-Pfalz
151;1951-01-02;2025-11-18;382;49.4691;11.8546;Amberg-Unterammersricht;Bayern
154;1998-01-02;2025-11-18;516;48.0197;12.2925;Amerang-Pfaffing;Bayern
161;1984-12-02;2025-11-18;75;50.4237;7.4202;Andernach;Rheinland-Pfalz
164;1912-05-18;2025-11-18;54;53.0316;13.9908;Angermünde;Brandenburg
167;2008-09-02;2025-11-18;11;53.8408;13.6857;Anklam;Mecklenburg-Vorpommern
169;1951-01-02;1971-01-01;630;50.573;13.0053;Annaberg-Buchholz;Sachsen
172;1973-05-02;1995-12-01;395;52.2486;9.5056;Annaturm;Niedersachsen
174;1988-03-02;1992-01-01;250;49.1886;7.9766;Annweiler-Bindersbach;Rheinland-Pfalz
175;1956-01-02;1980-05-01;413;49.2964;10.5751;Ansbach;Bayern
176;1980-06-02;1999-12-01;481;49.2475;10.5826;Ansbach-Claffheim;Bayern
177;1951-05-02;1961-11-01;418;49.3158;10.5815;Ansbach-Hennenbach;Bayern
181;2003-11-02;2012-11-03;30;52.8761;11.5042;Arendsee;Sachsen-Anhalt
183;1951-01-02;2025-11-18;42;54.6791;13.4344;Arkona;Mecklenburg-Vorpommern
184;1951-01-02;1970-07-01;55;52.6769;12.0077;Arneburg;Sachsen-Anhalt
185;1950-01-02;1962-01-01;3;54.6289;9.9294;Arnis;Schleswig-Holstein
186;1880-01-01;2002-10-01;218;51.3773;8.0713;Arnsberg;Nordrhein-Westfalen
191;1990-04-02;2025-11-18;217;49.9694;9.9114;Arnstein-Müdesheim;Bayern
193;1972-01-02;2001-11-01;232;51.3845;9.082;Arolsen-Neu Berich;Hessen
197;1994-08-02;2025-11-18;365;51.3218;9.0558;Arolsen-Volkhardinghausen, Bad;Hessen
198;1958-01-02;2025-11-18;164;51.3744;11.292;Artern;Thüringen
202;1951-01-02;1956-01-01;111;49.9771;9.1091;Aschaffenburg;Bayern
207;1951-01-02;1969-01-01;105;51.7498;11.4667;Aschersleben;Sachsen-Anhalt
211;1985-09-02;2004-01-01;200;50.58;8.4685;Aßlar Klein-Altenstädten;Hessen
217;1945-01-02;2025-11-18;670;47.8774;11.3643;Attenkam;Bayern
221;1989-08-02;1994-06-01;483;48.5515;11.7117;Au i.d.Hallertau-Günzenhausen;Bayern
222;1981-01-02;2025-11-18;393;50.5908;12.7139;Aue;Sachsen
231;1879-01-01;1978-05-01;490;48.3723;10.8948;Augsburg (Sankt Stephan);Bayern
232;1951-01-02;2025-11-18;462;48.4253;10.9417;Augsburg;Bayern
243;1962-09-02;2011-01-01;4;53.4621;7.467;Aurich;Niedersachsen
257;1953-01-02;2025-11-18;240;48.727;8.2457;Baden-Baden-Geroldsau;Baden-Württemberg
259;1951-01-02;2025-11-18;275;47.8064;7.6387;Müllheim;Baden-Württemberg
268;1958-01-02;2013-01-01;622;48.5293;8.2727;Baiersbronn-Obertal;Baden-Württemberg
273;1990-12-02;1994-05-01;467;47.8413;9.6606;Baindt;Baden-Württemberg
282;1953-01-02;2025-11-18;240;49.8743;10.9206;Bamberg;Bayern
283;1952-01-02;1964-01-01;382;49.8808;10.8695;Bamberg-Altenburg;Bayern
284;1879-01-01;1963-01-01;282;49.88;10.88;Bamberg (Sternwarte);Bayern
288;1995-01-02;2002-09-01;3;53.8409;13.7549;Bargischow-Gnevezin;Mecklenburg-Vorpommern
294;1996-02-02;2025-11-18;110;52.3199;9.43;Barsinghausen-Hohenbostel;Niedersachsen
298;1951-01-02;2025-11-18;3;54.3405;12.7108;Barth;Mecklenburg-Vorpommern
303;1997-08-21;2025-11-18;55;52.0613;13.4997;Baruth;Brandenburg
314;1949-06-07;2025-11-18;234;51.1604;14.5042;Kubschütz, Kr. Bautzen;Sachsen
320;1879-01-01;2025-11-18;350;49.9666;11.5198;Heinersreuth-Vollhof;Bayern
321;1983-01-02;1999-11-01;789;47.6797;12.0017;Bayrischzell;Bayern
326;2008-07-02;2017-07-09;120;51.7204;8.0577;Beckum-Unterberg;Nordrhein-Westfalen
327;1966-09-02;2000-11-01;27;53.6234;8.8323;Bederkesa;Niedersachsen
330;1941-01-02;2025-11-18;455;49.5617;8.9673;Oberzent-Beerfelden;Hessen
335;1980-12-02;1981-11-01;4;54.3426;10.6018;Behrensdorf;Schleswig-Holstein
341;1972-02-02;1997-02-01;235;47.7277;7.552;Bellingen, Bad;Baden-Württemberg
342;2014-12-02;2025-11-18;103;52.317;8.1694;Belm;Niedersachsen
348;1993-12-15;2015-09-02;127;50.4135;7.5886;Bendorf;Rheinland-Pfalz
350;2003-06-02;2004-01-01;540;51.6715;10.7268;Benneckenstein;Sachsen-Anhalt
355;1951-01-02;1993-11-01;140;49.6789;8.6276;Bensheim;Hessen
361;1952-01-02;2003-01-01;550;47.6344;13.0109;Berchtesgaden (KKst);Bayern
365;1995-10-02;2006-10-01;421;49.3311;11.4303;Berg/Oberpfalz;Bayern
368;1977-01-02;2025-11-18;69;52.8152;9.9248;Bergen;Niedersachsen
377;1951-01-02;2025-11-18;210;49.107;7.9967;Bergzabern, Bad;Rheinland-Pfalz
379;1958-07-02;2025-11-18;303;50.9074;11.2665;Berka, Bad (Flugplatz);Thüringen
386;1977-07-02;1990-12-01;445;51.0454;8.3851;Berleburg, Bad;Nordrhein-Westfalen
390;1990-12-02;2025-11-18;610;50.9837;8.3683;Berleburg, Bad-Stünzel;Nordrhein-Westfalen
395;1952-07-02;1958-01-01;38;52.4167;13.4833;Berlin-Adlershof;Berlin
399;1979-01-02;2019-07-01;36;52.5198;13.4057;Berlin-Alexanderplatz;Berlin
400;1965-01-02;2025-11-18;60;52.6309;13.5022;Berlin-Buch;Berlin
402;1876-01-01;1967-01-01;55;52.4564;13.2997;Berlin-Dahlem (LFAG);Berlin
403;1954-01-02;2025-11-18;51;52.4537;13.3017;Berlin-Dahlem (FU);Berlin
405;1955-04-02;1959-01-01;37;52.45;13.65;Berlin-Friedrichshagen;Berlin
407;1962-01-02;1982-04-01;48;52.6461;13.2858;Berlin-Frohnau;Berlin
408;1952-12-02;1955-12-01;35;52.5333;13.3833;Berlin-Invalidenstraße;Berlin
410;2000-06-02;2024-11-01;33;52.404;13.7309;Berlin-Kaniswall;Berlin
416;1986-07-02;2000-10-01;47;52.4069;13.4127;Berlin-Lichtenrade;Berlin
417;1940-01-02;1960-11-01;43;52.4144;13.3036;Berlin-Lichterfelde (Süd);Berlin
420;1997-05-02;2025-11-18;60;52.5447;13.5598;Berlin-Marzahn;Berlin
422;1960-01-02;1969-01-01;35;52.5333;13.3833;Berlin-Mitte;Berlin
424;1958-01-02;1985-01-01;36;52.5;13.4667;Berlin-Ostkreuz;Berlin
425;1963-01-02;1986-07-01;38;52.4044;13.4838;Berlin-Rudow;Berlin
427;1961-01-02;2025-11-18;46;52.3807;13.5306;Berlin Brandenburg;Brandenburg
429;1990-10-02;1991-02-01;32;52.5667;13.1694;Berlin-Spandau;Berlin
430;1967-01-02;2025-05-06;36;52.5644;13.3082;Berlin-Tegel;Berlin
432;1982-04-02;1999-01-01;36;52.6044;13.2952;Berlin-Tegeler Fliesstal;Berlin
433;1952-01-02;2025-11-18;48;52.4675;13.4021;Berlin-Tempelhof;Berlin
434;1951-01-02;1965-01-01;35;52.4553;13.4699;Berlin-Treptow;Berlin
435;1968-01-02;2011-01-01;45;52.4289;13.2327;Berlin-Zehlendorf;Berlin
445;1898-01-01;2025-11-18;85;51.8218;11.711;Bernburg/Saale (Nord);Sachsen-Anhalt
450;1949-01-02;2016-12-05;120;49.9186;7.0664;Bernkastel-Kues;Rheinland-Pfalz
458;1979-01-02;1992-04-01;185;50.0699;7.0306;Bertrich, Bad;Rheinland-Pfalz
460;1955-01-02;2025-11-18;363;49.2641;6.6868;Berus;Saarland
474;1963-01-02;1990-10-01;599;48.1252;9.7639;Warthausen-Birkenhard;Baden-Württemberg
480;1949-01-02;2011-01-01;296;50.9275;8.4935;Biedenkopf-Wallau;Hessen
502;1971-08-02;2011-01-01;412;49.8747;9.4883;Bischbrunn;Bayern
508;1998-04-02;2015-01-01;675;50.0539;11.8149;Bischofsgrün;Bayern
524;1951-01-02;1997-01-01;80;51.6333;12.3167;Bitterfeld;Sachsen-Anhalt
526;1955-01-02;1980-01-01;254;50.6738;11.2805;Blankenburg, Bad;Thüringen
535;1951-01-02;2025-11-18;417;50.0372;7.3079;Blankenrath;Rheinland-Pfalz
550;1998-05-02;2006-10-01;344;50.9041;11.7985;Bobeck;Thüringen
553;1958-01-02;1979-01-01;25;51.838;6.6107;Bocholt (Marienschule);Nordrhein-Westfalen
554;1951-01-02;2010-03-01;23;51.8293;6.5365;Bocholt-Liedern (Wasserwerk);Nordrhein-Westfalen
555;1944-01-02;2022-11-02;101;51.4789;7.2697;Bochum;Nordrhein-Westfalen
570;1983-01-02;1986-01-01;648;49.0768;13.0765;Bodenmais-Mais;Bayern
576;1991-08-02;2008-01-01;445;48.6759;8.9732;Böblingen;Baden-Württemberg
578;1955-03-02;1971-01-01;379;48.9451;11.3667;Böhming;Bayern
588;1996-05-02;2000-08-01;105;51.752;9.3953;Boffzen;Niedersachsen
591;1951-01-02;2025-11-18;45;53.3911;10.6878;Boizenburg;Mecklenburg-Vorpommern
592;1950-01-02;1967-01-01;10;53.8634;9.7344;Bokel;Schleswig-Holstein
594;1997-01-02;2004-03-02;425;48.6407;9.6136;Boll, Bad (KKst);Baden-Württemberg
596;1951-01-02;2025-11-18;15;54.0027;11.1908;Boltenhagen;Mecklenburg-Vorpommern
598;1953-01-02;1961-09-01;62;50.7285;7.0839;Bonn;Nordrhein-Westfalen
599;1936-10-02;2003-03-02;62;50.7055;7.1467;Bonn-Friesdorf;Nordrhein-Westfalen
601;1978-01-02;2007-11-01;158;50.6983;7.0356;Bonn-Hardthöhe;Nordrhein-Westfalen
603;1990-08-02;2025-11-18;147;50.7293;7.204;Königswinter-Heiderhof;Nordrhein-Westfalen
604;1975-01-02;2009-11-01;875;47.8194;8.3348;Bonndorf/Schwarzwald;Baden-Württemberg
606;1954-01-02;1958-08-01;569;48.0791;10.1977;Boos;Bayern
614;1955-01-02;2012-01-01;240;51.5709;9.312;Borgentreich-Bühne;Nordrhein-Westfalen
617;2008-06-02;2025-11-18;47;51.873;6.8863;Borken in Westfalen;Nordrhein-Westfalen
619;1951-01-02;2025-11-18;12;53.5788;6.6703;Borkum-Süderstraße;Niedersachsen
634;1984-03-02;1995-04-01;373;49.4442;9.6458;Boxberg-Seehof;Baden-Württemberg
635;1984-05-02;1994-10-01;378;49.45;9.6333;Boxberg-Seehof (West);Baden-Württemberg
636;1985-11-02;1995-04-01;373;49.45;9.65;Boxberg-Seehof (Wind-3m);Baden-Württemberg
642;1970-01-02;2025-11-18;1;53.3517;8.4969;Brake;Niedersachsen
643;1997-11-02;1999-01-01;0;53.296;8.4529;Brake-Süderfeld;Niedersachsen
645;1951-01-02;1956-02-01;75;52.4083;7.9682;Bramsche;Niedersachsen
648;1967-05-02;2011-01-01;9;53.8551;9.7152;Brande-Hörnerkirchen;Schleswig-Holstein
650;1952-07-02;2005-05-01;35;52.4136;12.5503;Brandenburg-Görden;Brandenburg
652;1953-01-02;1962-08-01;384;49.5353;10.7706;Hagenbüchach;Bayern
656;1935-01-02;2025-11-18;607;51.7234;10.6021;Braunlage;Niedersachsen
657;1959-01-02;2008-01-01;625;51.6634;10.669;Braunlage-Hohegeiß;Niedersachsen
660;1952-01-02;1965-01-01;83;52.2744;10.5656;Braunschweig-Gliesmarode;Niedersachsen
661;1891-01-01;1958-01-01;75;52.2708;10.5334;Braunschweig (T.H.);Niedersachsen
662;1965-01-02;2025-11-18;81;52.2915;10.4464;Braunschweig;Niedersachsen
675;1984-07-02;1992-03-01;218;48.0333;7.6;Breisach-Eckartsberg;Baden-Württemberg
685;2002-01-13;2010-11-02;585;49.9017;9.4281;Breitsol;Bayern
691;1890-01-01;2025-11-18;4;53.0451;8.7981;Bremen;Bremen
699;1953-01-02;1962-07-01;4;53.1004;8.7834;Bremen-Seefahrtschule;Bremen
701;1953-01-02;2025-11-18;7;53.5332;8.5761;Bremerhaven;Bremen
702;1952-01-02;1964-07-01;8;53.5876;8.6015;Bremerhaven-Speckenbüttel;Bremen
703;1941-01-02;1989-06-01;5;53.4779;9.1553;Bremervörde (A);Niedersachsen
704;1983-04-02;2025-11-18;11;53.4451;9.139;Bremervörde;Niedersachsen
705;1989-06-02;2011-01-01;5;53.5312;9.1664;Bremervörde-Niederochtenhausen;Niedersachsen
706;1973-09-02;2009-01-01;234;47.8858;7.6611;Eschbach;Baden-Württemberg
710;1987-11-02;2008-01-01;182;49.0249;8.699;Bretten;Baden-Württemberg
717;1941-01-02;2008-07-01;443;51.3873;8.5737;Brilon;Nordrhein-Westfalen
722;1896-01-01;2025-11-17;1135;51.7986;10.6183;Brocken;Sachsen-Anhalt
727;1962-01-02;1991-01-01;290;49.7345;8.9557;Brombachtal-Kirch-Brombach;Hessen
728;1985-02-02;1991-01-01;1016;48.8171;13.2176;Brotjacklriegel (UBA);Bayern
729;1949-01-02;1994-02-01;600;50.8282;10.454;Brotterode;Thüringen
736;1951-01-02;2004-01-01;390;49.6303;7.1148;Brücken;Rheinland-Pfalz
743;1979-01-02;2005-09-29;73;51.2;6.1333;Brüggen (Flugplatz);Nordrhein-Westfalen
748;1970-01-02;2012-10-01;5;53.8887;9.1411;Brunsbüttel (Schleuse);Schleswig-Holstein
755;1939-01-02;2025-11-18;340;49.5182;9.3213;Buchen, Kr. Neckar-Odenwald;Baden-Württemberg
757;1994-10-02;2025-11-18;445;47.9625;7.9983;Buchenbach;Baden-Württemberg
760;1980-06-02;2025-11-18;82;53.3629;9.9435;Rosengarten-Klecken;Niedersachsen
766;1969-01-02;2025-11-18;477;50.1745;7.0595;Büchel (Flugplatz);Rheinland-Pfalz
769;1976-01-02;2025-11-18;68;52.2817;9.089;Bückeburg;Niedersachsen
771;1951-01-02;1960-01-01;148;50.2769;9.1167;Büdingen;Hessen
772;1951-01-02;1990-05-01;190;48.6957;8.1744;Bühlertal;Baden-Württemberg
773;1990-05-02;2009-01-01;478;48.6743;8.1799;Bühlertal-Obertal;Baden-Württemberg
781;1992-01-02;1998-04-01;221;51.6126;8.619;Bühren-Ahden;Nordrhein-Westfalen
788;1969-01-02;2025-11-18;3;54.1193;8.8584;Büsum;Schleswig-Holstein
793;1996-01-02;1998-11-01;530;49.662;7.1098;Buhlenberg;Rheinland-Pfalz
807;1945-01-02;2011-01-01;290;49.745;10.6434;Schlüsselfeld (Kläranlage);Bayern
817;1956-10-02;2025-11-18;293;51.0306;8.8146;Burgwald-Bottendorf;Hessen
829;1983-07-02;2001-09-01;479;50.396;8.5465;Butzbach-Bodenrod;Hessen
833;1976-05-02;2005-05-01;615;50.6951;13.4975;Neuhausen/Erzgeb.-Rauschenbach (Talsp.);Sachsen
840;1993-12-02;2025-11-18;895;50.4313;12.6114;Carlsfeld;Sachsen
848;1944-01-02;1983-01-01;38;52.6146;10.0726;Celle (Stadt);Niedersachsen
850;1978-08-02;2025-11-18;45;52.5959;10.0296;Celle;Niedersachsen
851;1952-02-02;2000-05-01;392;49.2504;12.6042;Pemfling-Pitzling;Bayern
853;1882-01-01;2025-11-18;416;50.7913;12.872;Chemnitz;Sachsen
856;2002-01-02;2025-11-18;551;47.8843;12.5404;Chieming;Bayern
863;1890-01-01;2016-04-01;585;51.7904;10.347;Clausthal-Zellerfeld;Niedersachsen
865;1964-01-02;1975-03-01;42;52.8441;8.0624;Cloppenburg;Niedersachsen
867;1951-01-02;2025-11-18;344;50.3066;10.9679;Lautertal-Oberlauter;Bayern
876;1950-08-02;1993-01-01;314;51.304;13.0096;Collmberg;Sachsen
879;2004-07-02;2007-04-01;68;51.7667;14.2833;Cottbus (Flugplatz);Brandenburg
880;1887-01-01;2025-11-18;69;51.776;14.3168;Cottbus;Brandenburg
881;1954-01-02;2008-01-01;423;49.0985;10.0979;Crailsheim-Alexandersreut;Baden-Württemberg
888;1969-01-02;1995-12-17;269;50.8149;12.3821;Crimmitschau;Sachsen
891;1950-01-02;2025-11-18;5;53.8713;8.7058;Cuxhaven;Niedersachsen
896;1953-07-02;2025-11-18;170;51.0778;10.8619;Dachwig;Thüringen
909;1990-01-02;1997-12-01;54;54.0551;10.2984;Damsdorf;Schleswig-Holstein
917;1999-08-02;2025-11-18;162;49.8809;8.6779;Darmstadt;Hessen
918;1991-10-02;1999-08-01;122;49.8453;8.624;Darmstadt (A);Hessen
919;1941-02-04;1978-08-01;169;49.8697;8.6796;Darmstadt-Botanischer Garten;Hessen
920;1953-01-02;1991-10-01;108;49.8564;8.5929;Darmstadt (US-Air-Base);Hessen
927;1989-10-02;2005-01-01;430;50.1957;6.8279;Daun;Rheinland-Pfalz
931;1993-08-02;2008-01-01;712;47.8007;9.4108;Deggenhausertal-Azenweiler;Baden-Württemberg
948;1951-01-02;1955-01-01;60;51.8512;12.2515;Dessau;Sachsen-Anhalt
950;1989-01-02;1997-03-01;194;51.95;8.9;Detmold;Nordrhein-Westfalen
953;1954-08-02;2025-11-18;481;49.7619;7.0542;Deuselbach;Rheinland-Pfalz
954;2002-01-02;2025-11-18;0;54.1796;7.4587;UFS Deutsche Bucht;Hamburg
963;1956-09-02;2025-11-18;38;52.5881;8.3424;Diepholz;Niedersachsen
964;1956-01-02;1967-01-01;413;50.0832;6.8904;Dierfeld;Rheinland-Pfalz
965;1952-06-02;1994-07-01;100;51.2401;13.4166;Diesbar-Seußlitz;Sachsen
970;1989-04-02;2003-07-01;405;49.4158;10.6734;Dietenhofen;Bayern
979;1951-08-02;2025-11-18;314;50.7364;8.2672;Dillenburg;Hessen
981;1986-05-02;2006-01-01;193;49.3531;6.749;Dillingen (Saar);Saarland
982;1951-05-02;2010-12-01;420;48.5701;10.4985;Dillingen/Donau;Bayern
983;2010-12-02;2025-11-18;419;48.5562;10.5599;Dillingen/Donau-Fristingen;Bayern
991;1958-09-02;2025-11-18;359;50.9116;13.7087;Dippoldiswalde-Reinberg;Sachsen
998;1952-01-02;2013-02-02;696;48.7968;8.4921;Dobel;Baden-Württemberg
1000;1995-07-02;2001-09-01;3;54.1442;11.8454;Doberan, Bad-Heiligendamm;Mecklenburg-Vorpommern
1001;1952-07-02;2025-11-18;97;51.6451;13.5747;Doberlug-Kirchhain;Brandenburg
1003;1951-01-02;1980-01-01;201;51.1333;13.1167;Döbeln;Sachsen
1006;1951-11-02;1965-10-01;15;53.1399;11.2544;Dömitz;Mecklenburg-Vorpommern
1010;1991-04-02;2012-09-24;5;52.9732;7.3209;Dörpen (Kläranlage);Niedersachsen
1011;1994-10-12;2025-11-18;442;49.6017;7.7413;Dörrmoschel-Felsbergerhof;Rheinland-Pfalz
1013;1984-04-02;2025-11-18;309;47.6026;8.1697;Dogern;Baden-Württemberg
1018;1955-01-02;2009-01-01;677;47.9422;8.5046;Donaueschingen;Baden-Württemberg
1032;1954-01-02;2003-10-01;120;51.512;7.5345;Dortmund;Nordrhein-Westfalen
1035;1997-12-02;2004-12-01;122;51.5206;7.6161;Dortmund-Wickede;Nordrhein-Westfalen
1047;1828-01-01;1920-01-01;112;51.0557;13.7274;Dresden (Mitte);Sachsen
1048;1938-01-02;2025-11-18;228;51.1278;13.7543;Dresden-Klotzsche;Sachsen
1050;1953-01-02;2025-11-18;112;51.0221;13.847;Dresden-Hosterwitz;Sachsen
1051;1940-01-02;2025-11-18;120;51.0248;13.775;Dresden-Strehlen;Sachsen
1052;1997-05-02;2025-11-18;80;52.2174;12.1641;Drewitz bei Burg;Sachsen-Anhalt
1053;1941-01-02;2007-08-01;192;51.7337;9.0445;Driburg, Bad;Nordrhein-Westfalen
1066;1967-01-02;1981-01-01;180;51.504;10.2613;Duderstadt;Niedersachsen
1072;1956-01-02;2025-11-18;107;49.4719;8.1929;Dürkheim, Bad;Rheinland-Pfalz
1073;1940-01-02;1957-01-01;115;49.4686;8.1797;Dürkheim, Bad (Saline);Rheinland-Pfalz
1074;1951-04-02;1977-03-01;103;51.3043;12.081;Dürrenberg, Bad;Sachsen-Anhalt
1076;1940-08-02;2013-01-01;692;48.0135;8.5343;Dürrheim, Bad;Baden-Württemberg
1078;1956-01-02;2025-11-18;37;51.296;6.7686;Düsseldorf;Nordrhein-Westfalen
1079;1939-01-02;2000-08-01;37;51.1998;6.7574;Düsseldorf-Südfriedhof;Nordrhein-Westfalen
1084;1998-05-02;2011-06-01;31;51.394;6.7026;Duisburg-Friemersheim;Nordrhein-Westfalen
1087;1955-01-02;1998-01-01;21;51.4634;6.7321;Duisburg-Laar;Nordrhein-Westfalen
1091;1955-10-02;2012-01-01;258;51.2806;10.7362;Ebeleben;Thüringen
1093;1955-01-02;2009-11-01;131;49.4593;8.9595;Eberbach;Baden-Württemberg
1102;1991-11-02;2007-01-01;300;48.7201;9.5328;Ebersbach/Fils;Baden-Württemberg
1103;1982-01-02;2025-11-18;592;48.1003;11.9872;Ebersberg-Halbing;Bayern
1106;1951-01-02;1955-01-01;45;52.8239;13.7979;Eberswalde;Brandenburg
1107;1967-01-02;2025-11-18;346;49.852;10.4991;Ebrach;Bayern
1126;1988-04-02;2003-01-31;117;49.96;8.64;Egelsbach;Hessen
1130;1976-04-02;2009-02-01;17;54.6282;9.3649;Eggebek;Schleswig-Holstein
1146;1989-07-02;1991-08-01;487;48.6593;8.9121;Ehningen;Baden-Württemberg
1154;1949-01-02;1970-10-01;470;48.3416;12.882;Eiberg;Bayern
1161;1959-01-02;2025-11-18;384;48.8777;11.2349;Eichstätt-Landershofen;Bayern
1163;1980-11-02;2011-02-25;4;54.2667;8.85;Eidersperrwerk;Schleswig-Holstein
1169;1980-02-02;2003-10-01;264;47.6288;7.5959;Eimeldingen;Baden-Württemberg
1172;1955-01-02;1993-12-01;123;51.8189;9.8871;Einbeck;Niedersachsen
1182;1951-01-02;2005-06-01;146;51.5029;11.5705;Eisleben-Helfta;Sachsen-Anhalt
1188;1951-01-02;1978-09-01;518;50.7041;10.8576;Elgersburg;Thüringen
1197;1945-01-02;2025-11-18;460;48.9895;10.1312;Ellwangen-Rindelbach;Baden-Württemberg
1200;2002-01-02;2025-11-18;3;54.0691;9.0105;Elpersbüttel;Schleswig-Holstein
1201;1951-07-02;2005-01-01;85;50.9281;6.5646;Elsdorf/Erftkreis;Nordrhein-Westfalen
1204;1953-01-02;1970-01-01;1;53.2346;8.4612;Elsfleth;Niedersachsen
1207;1952-06-02;2025-11-18;558;50.2705;12.2742;Elster, Bad-Sohl;Sachsen
1214;1991-11-02;2025-11-18;431;48.2012;8.1088;Elzach-Fisnacht;Baden-Württemberg
1219;1951-01-02;2002-03-11;5;53.3449;7.1909;Emden-Nesserland;Niedersachsen
1221;1954-03-02;1979-01-01;0;53.3707;7.2236;Emden-Wolthusen;Niedersachsen
1224;1979-11-02;2025-11-18;201;48.1378;7.8351;Emmendingen-Mundingen;Baden-Württemberg
1228;2004-07-02;2025-11-18;0;54.1651;6.346;UFS TW Ems;Hamburg
1229;1951-01-02;2001-04-01;90;50.3324;7.6975;Ems, Bad;Rheinland-Pfalz
1238;1955-01-02;2000-10-01;144;50.9884;7.425;Engelskirchen;Nordrhein-Westfalen
1239;1990-08-02;2012-09-23;540;47.8516;8.7673;Engen/Hegau;Baden-Württemberg
1243;1980-01-02;1989-10-01;705;48.4734;9.3028;Eningen;Baden-Württemberg
1246;2019-08-02;2025-11-18;104;51.8418;8.0607;Ennigerloh-Ostenfelde;Nordrhein-Westfalen
1254;1951-07-02;2006-12-01;210;49.1307;8.9165;Eppingen;Baden-Württemberg
1255;2006-12-02;2025-11-18;226;49.1661;8.8483;Eppingen-Elsenz;Baden-Württemberg
1261;1973-01-02;1996-08-01;460;48.3192;11.944;Erding;Bayern
1262;1996-05-18;2025-11-18;446;48.3477;11.8134;München-Flughafen;Bayern
1266;1968-05-02;2025-11-18;18;54.2992;9.3162;Erfde;Schleswig-Holstein
1270;1955-01-02;2025-11-18;316;50.9829;10.9608;Erfurt-Weimar;Thüringen
1275;1971-04-02;1985-01-01;340;48.3008;13.1398;Ering;Bayern
1276;1984-08-02;2007-01-01;408;47.6358;9.5392;Eriskirch-Mariabrunn;Baden-Württemberg
1279;1953-01-02;2025-11-18;268;49.6497;11.0074;Möhrendorf-Kleinseebach;Bayern
1280;1951-04-02;1958-01-01;280;49.5692;10.9929;Erlangen-Bruck;Bayern
1281;1986-01-02;2005-05-01;284;49.5653;10.9729;Erlangen-Frauenaurach;Bayern
1287;1995-12-02;2010-09-01;198;49.8589;9.2861;Eschau-Hobbach;Bayern
1292;1971-01-02;2010-05-01;470;49.7522;11.8222;Eschenbach/Oberpfalz;Bayern
1297;1951-09-02;2025-11-18;156;51.2041;10.0138;Eschwege;Hessen
1299;1983-09-02;2003-11-01;3;53.6476;7.6085;Esens;Niedersachsen
1300;1942-01-02;2025-11-18;351;51.254;8.1565;Eslohe;Nordrhein-Westfalen
1303;1939-01-02;2025-11-18;150;51.4041;6.9677;Essen-Bredeney;Nordrhein-Westfalen
1327;1941-01-02;2025-11-18;147;50.7119;6.7905;Weilerswist-Lommersum;Nordrhein-Westfalen
1329;1940-01-02;2008-01-01;50;54.134;10.5865;Eutin;Schleswig-Holstein
1332;1970-07-02;2025-11-18;471;48.4832;12.7241;Falkenberg,Kr.Rottal-Inn;Bayern
1339;1975-01-02;2025-11-18;76;52.9157;10.1885;Faßberg;Niedersachsen
1341;2012-12-02;2015-09-30;0;54.6;11.15;Fehmarnbelt;Schleswig-Holstein
1345;1951-03-02;1967-01-01;92;53.3346;13.4371;Feldberg;Mecklenburg-Vorpommern
1346;1949-01-02;2025-11-18;1490;47.8749;8.0038;Feldberg/Schwarzwald;Baden-Württemberg
1347;1984-02-02;1991-02-01;962;47.8555;8.1155;Feldberg-Altglashütten;Baden-Württemberg
1357;1952-01-02;2025-11-18;655;49.9807;11.8376;Fichtelberg/Oberfranken-Hüttstadl;Bayern
1358;1890-08-01;2025-11-18;1213;50.4283;12.9536;Fichtelberg;Sachsen
1359;1986-01-02;1996-11-27;705;50.0242;11.2219;Fichtelberg/Ofr;Bayern
1372;1996-01-02;2006-11-01;757;47.4608;10.2696;Fischen;Bayern
1374;1953-01-13;1976-05-01;366;50.505;10.1668;Fladungen-Heufurt;Bayern
1378;1989-07-02;2011-01-01;45;54.8086;9.4182;Flensburg;Schleswig-Holstein
1379;1961-01-02;2025-11-18;41;54.7737;9.3752;Flensburg (Schäferhaus);Schleswig-Holstein
1380;1945-01-02;1961-01-01;19;54.8147;9.458;Flensburg-Mürwik;Schleswig-Holstein
1392;1991-10-02;2011-01-01;621;49.7316;12.3489;Flossenbürg;Bayern
1403;1969-04-02;1984-11-01;260;50.0616;9.455;Frammersbach;Bayern
1410;1958-07-02;2001-04-01;130;51.3512;11.0958;Frankenhausen/Kyffhäuser, Bad;Thüringen
1411;1953-10-02;2025-11-18;747;50.5309;10.0479;Birx/Rhön;Thüringen
1415;1980-06-02;1993-01-01;100;50.0333;8.5333;Frankfurt (07W);Hessen
1416;1988-04-02;1992-01-01;97;50.0167;8.5333;Frankfurt (18W);Hessen
1420;1953-01-02;2025-11-18;100;50.0259;8.5213;Frankfurt/Main;Hessen
1421;1965-12-02;1988-09-01;125;50.1474;8.6746;Frankfurt/Main (Stadt);Hessen
1422;1977-08-02;1993-05-01;114;50.0972;8.6936;Frankfurt (Henninger Turm);Hessen
1423;1976-05-02;1992-01-01;111;50.0496;8.5887;Frankfurt/Main (Terminal);Hessen
1424;1989-11-02;2025-11-18;124;50.1269;8.6694;Frankfurt/Main-Westend;Hessen
1425;1870-01-01;1967-01-01;109;50.1213;8.6601;Frankfurt/Main (Feldbergstr.);Hessen
1426;1951-01-02;1989-01-01;65;52.3397;14.508;Frankfurt/Oder;Brandenburg
1428;1952-01-02;1962-01-01;230;49.2275;8.0585;Frankweiler;Rheinland-Pfalz
1440;1975-05-02;2008-01-01;476;48.2018;7.9336;Freiamt-Ottoschwanden;Baden-Württemberg
1441;1949-07-02;1997-05-01;416;50.9263;13.2711;Freiberg;Sachsen
1443;1874-01-01;2025-11-18;237;48.0232;7.8343;Freiburg;Baden-Württemberg
1447;1951-01-02;1989-07-01;255;48.013;7.8588;Freiburg im Breisgau-Herdern;Baden-Württemberg
1451;1974-11-02;2025-11-18;2;53.8277;9.2493;Freiburg/Elbe;Niedersachsen
1467;1952-01-02;2014-01-01;736;48.4607;8.4141;Freudenstadt-Kurgarten;Baden-Württemberg
1468;1953-01-02;2025-11-18;797;48.4538;8.409;Freudenstadt;Baden-Württemberg
1473;2010-01-02;2023-03-01;414;49.1869;11.308;Freystadt-Michelbach;Bayern
1481;1975-01-02;2003-01-01;928;47.9216;8.2547;Friedenweiler;Baden-Württemberg
1488;1951-01-02;1977-01-01;523;51.6884;11.0394;Friedrichsbrunn;Sachsen-Anhalt
1490;1951-01-02;2025-11-18;394;47.6454;9.4795;Friedrichshafen;Baden-Württemberg
1492;1962-01-02;2008-01-01;852;47.7819;7.7348;Malsburg-Marzell-Friedrichsheim;Baden-Württemberg
1493;1996-07-02;2000-01-01;793;50.4788;11.0159;Friedrichshöhe;Thüringen
1503;1951-02-02;2025-11-18;6;53.0643;7.902;Friesoythe-Altenoythe;Niedersachsen
1504;2004-07-02;2025-11-18;174;51.119;9.2799;Fritzlar (Flugplatz);Hessen
1505;1979-01-02;2011-11-01;222;51.1333;9.2833;Fritzlar-Kasseler Warte;Hessen
1513;1951-01-02;1966-12-01;653;50.6588;8.1027;Fuchskauten;Rheinland-Pfalz
1515;1973-01-02;2007-08-01;519;48.2;11.2667;Fürstenfeldbruck;Bayern
1522;1951-06-02;1959-04-01;313;49.4811;10.964;Fürth/Bayern (A);Bayern
1526;1953-01-02;2025-11-18;242;50.5668;9.6533;Fulda-Horas;Hessen
1544;1951-01-02;2025-11-18;47;52.5129;11.3942;Gardelegen;Sachsen-Anhalt
1550;1940-01-02;2025-11-18;719;47.483;11.0621;Garmisch-Partenkirchen;Bayern
1552;1999-11-02;2000-05-01;13;53.2066;14.3817;Gartz/Oder;Brandenburg
1568;1962-05-02;1987-01-01;916;50.6549;10.7743;Gehlberg-Schmücke;Thüringen
1572;1986-12-02;2025-11-18;80;50.9593;6.0392;Geilenkirchen (Flugplatz);Nordrhein-Westfalen
1580;1884-07-01;2025-11-18;110;49.9859;7.9548;Geisenheim;Hessen
1583;1951-01-02;1975-01-01;823;50.7719;13.7732;Geisingberg;Sachsen
1584;2013-06-02;2025-11-18;672;47.9242;8.6473;Geisingen;Baden-Württemberg
1586;1965-07-02;1972-05-01;610;47.8774;12.6279;Traunstein-Geißing;Bayern
1587;2002-01-02;2025-11-18;536;48.9481;11.4289;Gelbelsee;Bayern
1590;1967-10-02;2025-11-18;37;51.4942;6.2463;Geldern-Walbeck;Nordrhein-Westfalen
1593;1939-01-02;1978-05-01;190;50.2027;9.1989;Gelnhausen;Hessen
1602;1974-01-02;2025-11-18;177;48.433;7.993;Ohlsbach;Baden-Württemberg
1605;1957-01-02;2025-11-18;35;52.3875;12.1602;Genthin;Sachsen-Anhalt
1612;1956-01-02;2025-11-18;311;50.8812;12.1289;Gera-Leumnitz;Thüringen
1617;1956-01-02;2012-01-01;210;51.7259;11.1317;Gernrode;Sachsen-Anhalt
1619;1960-01-02;2010-01-01;90;49.7622;8.4887;Gernsheim;Hessen
1621;1953-01-02;1968-01-01;550;50.2766;9.9146;Geroda-Platz;Bayern
1623;2000-03-02;2006-12-01;530;50.4477;9.9174;Gersfeld;Hessen
1638;1953-01-02;1988-05-01;158;50.591;8.6551;Gießen (Lahntal);Hessen
1639;1943-01-02;2025-11-18;203;50.6017;8.6439;Gießen/Wettenberg;Hessen
1645;1953-01-02;2025-11-18;340;50.9656;9.05;Gilserberg-Moischeid;Hessen
1666;1975-01-02;2025-11-18;12;54.8273;9.5058;Glücksburg-Meierwik;Schleswig-Holstein
1667;1952-01-02;2011-01-01;1;53.797;9.4295;Glückstadt;Schleswig-Holstein
1672;1978-01-02;1982-07-01;19;51.6833;6.1667;Goch;Nordrhein-Westfalen
1684;1880-01-01;2025-11-18;239;51.1621;14.9506;Görlitz;Sachsen
1689;1940-01-02;2008-07-01;441;49.7656;11.3062;Gößweinstein;Bayern
1691;1931-01-02;2025-11-18;167;51.5002;9.9507;Göttingen;Niedersachsen
1694;1951-01-02;2025-11-18;58;53.6058;12.1034;Goldberg;Mecklenburg-Vorpommern
1709;1956-01-02;1995-01-01;360;50.8496;13.9392;Gottleuba, Bad;Sachsen
1721;1995-01-02;2025-11-18;506;49.664;11.2239;Gräfenberg-Kasberg;Bayern
1735;1999-12-02;2025-11-18;628;48.7894;13.629;Grainet-Rehberg;Bayern
1736;1955-01-02;2025-11-18;27;53.5731;10.6797;Grambek;Schleswig-Holstein
1748;1940-01-02;2009-04-01;608;50.4788;9.262;Grebenhain-Herchenhain;Hessen
1757;1898-03-01;2025-11-18;2;54.0967;13.4056;Greifswald;Mecklenburg-Vorpommern
1758;1951-01-02;1982-01-01;2;54.1;13.45;Greifswald-Wieck;Mecklenburg-Vorpommern
1759;1951-08-02;2025-11-18;12;54.2437;13.9102;Greifswalder Oie;Mecklenburg-Vorpommern
1762;1897-01-01;2011-01-01;270;50.6249;12.1777;Greiz-Dölau;Thüringen
1766;1986-01-02;2025-11-18;48;52.1344;7.6969;Münster/Osnabrück;Nordrhein-Westfalen
1792;2024-08-14;2025-11-18;27;52.7553;7.4815;Groß Berßen;Niedersachsen
1803;1971-01-02;2025-11-18;34;54.0714;12.3238;Groß Lüsewitz;Mecklenburg-Vorpommern
1831;1987-09-02;2008-08-28;1449;49.1129;13.1365;Großer Arber (Ost);Bayern
1832;1986-11-02;2025-11-18;1436;49.1129;13.1338;Großer Arber;Bayern
1833;1951-01-02;1986-11-01;1307;49.0851;13.2801;Grosser Falkenstein;Bayern
1834;1955-01-02;1982-07-01;913;50.8519;10.4665;Grosser Inselsberg;Thüringen
1844;1963-01-02;1986-01-01;517;47.9411;11.9004;Feldkirchen-Westerham-Lenzmühle;Bayern
1849;1953-01-02;1965-01-01;408;48.8126;11.5728;Großmehring-Theißing;Bayern
1863;1999-03-02;2025-11-18;258;50.2667;9.1854;Gründau-Breitenborn;Hessen
1869;1977-01-02;2025-11-18;56;53.3153;13.9338;Grünow;Brandenburg
1873;1961-05-02;2003-01-01;300;51.7956;10.238;Grund, Bad;Niedersachsen
1874;1984-04-02;1996-11-25;320;51.8;10.2167;Grund, Bad (Erzbergwerk);Niedersachsen
1875;1955-01-02;2007-01-01;492;48.9354;9.7364;Gschwend, Kr. Ostalb;Baden-Württemberg
1886;2013-11-27;2025-11-18;444;48.4878;10.2608;Günzburg;Bayern
1890;1951-01-02;1955-01-01;30;53.7667;12.2167;Güstrow-Schabernack;Mecklenburg-Vorpommern
1891;1942-01-02;2006-04-01;73;51.877;8.3577;Rheda-Wiedenbrück-Lintel;Nordrhein-Westfalen
1892;1979-06-02;2017-10-28;72;51.9298;8.3005;Gütersloh (Flugplatz);Nordrhein-Westfalen
1902;1988-11-02;2005-01-01;413;49.1273;10.7448;Gunzenhausen (Altmühlsee);Bayern
1920;1982-06-02;2012-01-01;100;51.4129;7.4895;Hagen-Fley;Nordrhein-Westfalen
1922;1983-01-02;1990-03-01;111;51.3598;7.4717;Hagen (Stadtsparkasse);Nordrhein-Westfalen
1929;1951-01-02;2005-08-01;567;51.8597;10.3368;Hahnenklee;Niedersachsen
1957;1955-01-02;2019-03-24;93;51.5138;11.9499;Halle-Kröllwitz;Sachsen-Anhalt
1960;1851-01-01;1980-01-01;102;51.4831;11.9671;Halle (Stadt);Sachsen-Anhalt
1963;1973-01-02;2025-11-18;4;54.5742;8.5133;Hallig Hooge;Schleswig-Holstein
1964;1956-01-02;2025-11-18;328;49.9445;6.3821;Olsdorf;Rheinland-Pfalz
1972;1916-01-02;1966-10-01;35;53.4793;10.2415;Hamburg-Bergedorf;Hamburg
1973;1951-01-02;1959-01-01;14;53.5598;9.9874;Hamburg-Botanischer Garten;Hamburg
1975;1940-01-02;2025-11-18;11;53.6332;9.9881;Hamburg-Fuhlsbüttel;Hamburg
1979;1955-01-02;2011-01-01;2;53.4213;10.1462;Hamburg-Kirchwerder;Hamburg
1981;1966-05-02;2025-11-18;3;53.4777;9.8957;Hamburg-Neuwiedenthal;Hamburg
1986;1982-06-02;1992-05-01;1;53.4699;10.1804;Hamburg-Reitbrook;Hamburg
1987;1960-01-02;2004-03-01;47;53.5467;9.9662;Hamburg-Sankt Pauli;Hamburg
1990;1955-01-02;2011-01-01;18;53.5853;10.1293;Hamburg-Wandsbek;Hamburg
1993;1944-01-02;2025-11-18;68;52.0848;9.3896;Hameln;Niedersachsen
2000;1999-06-02;2000-10-01;106;50.1205;8.9243;Hanau;Hessen
2005;1965-01-02;1999-01-01;108;52.7199;10.5987;Hankensbüttel;Niedersachsen
2014;1940-01-02;2025-11-18;55;52.4644;9.6779;Hannover;Niedersachsen
2023;2002-01-02;2025-11-18;501;48.7918;10.7062;Harburg;Bayern
2039;1940-01-02;2025-11-18;201;51.9002;10.5699;Harzburg, Bad;Niedersachsen
2044;1949-05-02;2025-11-18;404;51.652;11.1366;Harzgerode;Sachsen-Anhalt
2048;1955-01-02;1964-01-01;3;53.6342;9.6038;Haseldorf;Schleswig-Holstein
2053;1967-01-02;1980-01-01;461;51.6868;10.8631;Hasselfelde;Sachsen-Anhalt
2055;1991-11-14;2018-12-29;292;50.0493;10.4947;Haßfurt;Bayern
2069;1940-01-02;1979-06-01;648;48.8629;13.067;Hausstein;Bayern
2074;1951-01-02;2025-11-18;518;48.3752;8.98;Hechingen;Baden-Württemberg
2078;1941-01-02;2006-07-01;10;54.2181;9.0853;Weddingstedt;Schleswig-Holstein
2080;1939-01-02;2016-09-13;110;49.4206;8.6676;Heidelberg;Baden-Württemberg
2081;1940-01-02;1965-01-01;561;49.3981;8.7251;Königstuhl;Baden-Württemberg
2083;1953-01-02;1963-01-01;110;49.4192;8.6051;Heidelberg-Grenzhof;Baden-Württemberg
2088;1951-01-02;2009-05-01;498;48.6765;10.1307;Heidenheim/Brenz;Baden-Württemberg
2092;1956-02-02;1995-01-01;496;50.1691;7.9949;Heidenrod-Mappershain;Hessen
2093;1973-01-02;1986-10-01;30;53.8562;9.8227;Heidmoor;Schleswig-Holstein
2095;1951-07-02;2007-11-01;167;49.1448;9.2333;Heilbronn;Baden-Württemberg
2100;2022-12-02;2023-11-18;4;54.186;7.9119;Helgoland-Düne;Schleswig-Holstein
2110;1967-01-02;2025-11-18;57;51.0411;6.1042;Heinsberg-Schleiden;Nordrhein-Westfalen
2115;1956-05-02;2025-11-18;4;54.175;7.892;Helgoland;Schleswig-Holstein
2120;1951-03-02;2011-01-01;140;52.2164;11.0219;Helmstedt;Niedersachsen
2122;1974-01-02;2006-06-01;2;53.9701;9.0095;Helse, Kr. Dithmarschen;Schleswig-Holstein
2147;1940-01-02;2012-01-01;77;52.1264;8.6865;Herford;Nordrhein-Westfalen
2151;1951-01-02;1995-09-01;215;51.0048;10.1705;Herleshausen;Hessen
2158;1955-01-02;2013-01-02;350;48.8042;8.443;Herrenalb, Bad;Baden-Württemberg
2159;1982-04-02;1989-04-01;434;48.5915;8.8541;Herrenberg;Baden-Württemberg
2160;1995-01-02;2005-01-01;360;50.8444;10.6904;Herrenhof;Thüringen
2166;1955-01-02;1995-05-03;344;51.0167;14.75;Herrnhut;Sachsen
2167;1952-01-02;2016-04-01;302;49.7672;7.3356;Niederwörresbach;Rheinland-Pfalz
2171;1953-01-02;2025-11-18;272;50.852;9.7377;Hersfeld, Bad;Hessen
2173;1980-01-02;2012-01-01;60;51.589;7.1548;Herten;Nordrhein-Westfalen
2174;1995-10-02;2025-11-18;238;51.6255;10.3695;Herzberg;Niedersachsen
2201;1935-04-15;2025-11-18;1;54.575;13.1044;Hiddensee-Vitte;Mecklenburg-Vorpommern
2206;1957-03-02;2012-03-01;117;52.1408;9.8838;Hildesheim;Niedersachsen
2207;1978-03-02;1983-01-01;91;52.1833;9.95;Hildesheim (Flugplatz);Niedersachsen
2211;1941-01-02;2025-11-18;295;50.737;7.6525;Hilgenroth;Rheinland-Pfalz
2221;1984-01-02;2003-11-01;1053;47.5408;10.4371;Hindelang-Unterjoch;Bayern
2223;1995-01-02;2006-01-01;300;50.3674;10.5687;Hindfeld;Thüringen
2225;1926-01-02;1988-10-01;385;50.9167;14.3667;Hinterhermsdorf;Sachsen
2226;1995-01-02;2006-10-01;668;50.4707;10.9106;Eisfeld-Waffenrod-Hinterrod;Thüringen
2228;1950-01-02;2009-04-01;883;47.8983;8.1055;Hinterzarten;Baden-Württemberg
2244;1950-01-02;2009-09-02;1008;47.7327;8.1627;Höchenschwand;Baden-Württemberg
2250;1945-01-02;2010-08-01;403;49.1279;12.8645;Höllenstein (Kraftwerk);Bayern
2252;1951-01-02;2025-11-18;270;50.899;14.7457;Bertsdorf-Hörnitz;Sachsen
2253;1987-10-02;2000-08-01;10;54.7667;8.2833;Hörnum/Sylt;Schleswig-Holstein
2260;1953-01-02;2011-01-01;474;50.323;11.9077;Hof (Stadt);Bayern
2261;1951-01-02;2025-11-18;565;50.3123;11.876;Hof;Bayern
2264;1952-01-02;2006-12-01;242;51.5337;9.4786;Hofgeismar-Beberbeck;Hessen
2268;1953-01-02;2011-01-01;265;50.1351;10.5156;Hofheim;Bayern
2289;1957-07-02;1971-01-01;28;52.6667;12.3333;Hohennauen;Brandenburg
2290;1781-01-01;2025-11-18;977;47.8009;11.0108;Hohenpeißenberg;Bayern
2297;1976-06-02;1999-12-01;80;54.1195;9.7127;Hohenwestedt;Schleswig-Holstein
2302;1995-01-02;1997-01-01;317;50.9632;11.4847;Hohlstedt-Kötschau;Thüringen
2303;1973-01-02;2025-11-18;10;54.3162;9.5385;Hohn;Schleswig-Holstein
2306;1981-11-02;2025-11-18;8;54.3194;10.6732;Hohwacht;Schleswig-Holstein
2315;2004-06-02;2025-11-18;80;51.7657;13.1666;Holzdorf (Flugplatz);Sachsen-Anhalt
2318;2002-08-02;2004-02-01;397;50.2182;7.9133;Holzhausen a.d. Haide;Rheinland-Pfalz
2319;1986-12-02;2025-11-18;685;47.8823;11.6961;Holzkirchen;Bayern
2323;1955-01-02;2025-11-18;110;51.8529;9.4953;Bevern, Kr. Holzminden;Niedersachsen
2324;1979-06-02;2012-10-01;440;51.7659;9.5447;Holzminden-Silberborn;Niedersachsen
2327;1955-01-02;2004-07-01;250;50.7316;9.0032;Homberg/Ohm;Hessen
2331;1974-01-02;2007-01-01;235;49.3278;7.3533;Homburg/Saar;Saarland
2338;1978-06-02;2009-12-24;39;52.3333;7.55;Hopsten (Flugplatz);Nordrhein-Westfalen
2344;1947-01-02;1968-04-01;582;50.1511;11.698;Horlachen;Bayern
2349;1957-01-02;2025-11-18;1138;48.6136;8.2033;Hornisgrinde;Baden-Württemberg
2352;1961-01-02;1975-09-01;712;47.6227;8.0177;Hottingen;Baden-Württemberg
2354;1951-02-02;1964-01-01;118;51.4379;14.2426;Hoyerswerda (Ph);Sachsen
2360;1940-01-02;1982-05-01;438;48.6018;11.6769;Hüll;Bayern
2362;1986-10-02;2025-11-18;328;50.5651;7.4843;Hümmerich;Rheinland-Pfalz
2374;1891-01-01;1978-07-01;3;54.4752;9.0564;Husum;Schleswig-Holstein
2377;1985-01-02;2025-11-18;362;47.7001;7.5895;Kandern-Gupf;Baden-Württemberg
2385;1978-04-02;2025-11-18;376;49.6927;7.3263;Idar-Oberstein;Rheinland-Pfalz
2388;1994-06-02;2008-01-01;193;48.0419;7.6322;Ihringen;Baden-Württemberg
2393;1927-07-02;1948-10-01;498;50.6805;10.9073;Ilmenau;Thüringen
2396;1951-01-02;1955-01-01;260;51.8667;10.6833;Ilsenburg;Sachsen-Anhalt
2406;1984-07-02;2006-12-01;209;49.2967;9.652;Ingelfingen;Baden-Württemberg
2409;1945-01-02;1958-01-01;360;48.7662;11.4539;Ingolstadt (Flussmeisterstelle);Bayern
2410;1978-01-02;2025-11-18;364;48.7111;11.5363;Ingolstadt (Flugplatz);Bayern
2417;1963-01-02;1982-01-01;621;48.1644;12.0307;Mittbach;Bayern
2422;1942-01-02;1982-07-01;230;51.3768;7.7644;Iserlohn-Westig;Nordrhein-Westfalen
2423;1951-01-02;2009-07-02;712;47.6894;10.0416;Isny;Baden-Württemberg
2429;1992-03-02;2025-11-18;21;53.9897;9.5696;Itzehoe;Schleswig-Holstein
2436;1999-01-02;2011-01-01;55;52.0547;13.2344;Jänickendorf;Brandenburg
2437;1975-01-02;2025-11-18;21;54.457;9.5203;Schleswig-Jagel;Schleswig-Holstein
2444;1824-01-01;2025-11-18;155;50.9251;11.583;Jena (Sternwarte);Thüringen
2451;1995-01-02;2005-09-01;77;51.7954;12.9583;Jessen/Elster;Sachsen-Anhalt
2456;1944-01-02;2009-08-27;7;53.5322;7.8806;Jever;Niedersachsen
2464;1955-01-02;1994-11-01;1;53.5316;9.6752;Jork;Niedersachsen
2465;1985-05-02;1995-01-01;1;53.5083;9.7376;Jork-Moorende;Niedersachsen
2474;1980-01-02;2013-01-01;91;50.9104;6.4093;Jülich (Forsch.-Anlage);Nordrhein-Westfalen
2475;1971-01-02;1985-01-01;75;52;13.1009;Jüterbog;Brandenburg
2477;1974-04-02;2013-01-01;728;47.5938;7.9597;Jungholz (Kühmoos);Baden-Württemberg
2480;1951-01-02;2025-11-18;108;50.0643;8.993;Kahl/Main;Bayern
2482;1982-12-02;1984-05-01;741;51.1806;8.49;Kahler Asten (A);Nordrhein-Westfalen
2483;1930-11-02;2025-11-18;839;51.1803;8.4891;Kahler Asten;Nordrhein-Westfalen
2485;2015-05-02;2025-11-18;489;48.917;9.6871;Kaisersbach-Cronhütte;Baden-Württemberg
2486;1905-01-02;2025-11-18;271;49.4262;7.7557;Kaiserslautern;Rheinland-Pfalz
2488;1950-01-02;2006-10-01;516;48.7701;10.7876;Kaisheim-Neuhof;Bayern
2493;1984-01-02;1998-06-01;2;54.4333;10.3667;Kalifornien;Schleswig-Holstein
2494;1997-01-02;2017-10-01;31;51.7329;6.2688;Kalkar;Nordrhein-Westfalen
2497;1951-01-02;2025-11-18;505;50.5014;6.5264;Kall-Sistig;Nordrhein-Westfalen
2502;1955-02-02;1961-01-01;447;51.318;10.1348;Heiligenstadt, Heilbad-Kalteneber;Thüringen
2503;1955-01-02;2007-05-06;487;50.6266;10.1455;Kaltennordheim;Thüringen
2506;1951-01-02;1967-09-01;270;51.2667;14.0833;Kamenz;Sachsen
2521;1954-01-02;1998-04-01;374;48.6765;11.2961;Karlshuld;Bayern
2522;1876-01-01;2012-11-01;112;49.0382;8.3641;Karlsruhe;Baden-Württemberg
2532;1955-01-02;2017-11-01;231;51.2963;9.4424;Kassel;Hessen
2533;1950-07-02;1981-07-01;198;51.334;9.4506;Kassel-Harleshausen;Hessen
2536;1987-09-02;1997-01-01;283;51.3173;9.4145;Kassel-Wilhelmshöhe (A);Hessen
2542;1974-05-02;2020-04-01;716;47.8652;10.6007;Kaufbeuren;Bayern
2543;1972-01-02;2013-01-01;585;48.0916;10.8609;Kaufering;Bayern
2546;1992-10-02;2008-01-01;141;48.5576;7.88;Kehl-Odelshofen;Baden-Württemberg
2559;1956-01-02;2025-11-18;705;47.7233;10.3348;Kempten;Bayern
2564;1978-01-02;2025-11-18;28;54.3776;10.1424;Kiel-Holtenau;Schleswig-Holstein
2565;1944-01-02;1992-10-16;17;54.3378;10.0929;Kiel-Kronshagen;Schleswig-Holstein
2573;1991-06-11;2025-11-18;470;47.9588;12.7717;Waging am See-Schnöbling;Bayern
2575;2011-05-23;2025-11-18;432;49.1804;9.98;Kirchberg/Jagst-Herboldshausen;Baden-Württemberg
2578;1865-01-01;2025-11-18;12;53.9995;11.4341;Kirchdorf/Poel;Mecklenburg-Vorpommern
2597;1950-01-02;2025-11-18;282;50.224;10.0792;Kissingen, Bad;Bayern
2600;1986-11-02;2025-11-18;193;49.7363;10.1781;Kitzingen;Bayern
2601;1940-01-02;2025-11-18;826;50.2218;8.4469;Kleiner Feldberg/Taunus;Hessen
2609;1978-09-02;1985-04-01;40;53.9587;10.3293;Klein Rönnau;Schleswig-Holstein
2618;1962-01-02;2025-11-18;732;50.8458;10.4803;Kleiner Inselsberg;Thüringen
2621;1960-01-02;1974-01-01;42;52.4045;13.2134;Kleinmachnow;Brandenburg
2627;2000-07-02;2025-11-18;128;51.5554;13.8845;Klettwitz;Brandenburg
2629;1908-10-02;2025-11-18;46;51.7612;6.0954;Kleve;Nordrhein-Westfalen
2638;1951-01-02;2025-11-18;974;48.1054;8.7548;Klippeneck;Baden-Württemberg
2641;1998-10-02;2025-11-18;91;51.5185;12.9065;Klitzschen bei Torgau;Sachsen
2654;1953-01-02;1987-11-01;200;49.0265;8.7554;Knittlingen;Baden-Württemberg
2656;1974-07-02;1994-01-01;96;50.3519;7.5906;Koblenz;Rheinland-Pfalz
2657;1955-01-02;2012-02-01;85;50.3369;7.5992;Koblenz-Horchheim;Rheinland-Pfalz
2665;1940-01-02;1989-01-01;45;50.9615;6.9712;Köln-Botanischer Garten;Nordrhein-Westfalen
2667;1961-07-02;2025-11-18;92;50.8646;7.1575;Köln-Bonn;Nordrhein-Westfalen
2677;1955-01-02;2005-09-01;730;48.1413;8.4285;Königsfeld/Schwarzwald;Baden-Württemberg
2680;1955-01-02;2025-11-18;289;50.284;10.4456;Königshofen, Bad;Bayern
2689;1954-01-02;1965-01-01;40;53.2279;9.6527;Königsmoor;Niedersachsen
2691;1998-04-02;2013-01-01;378;48.6707;11.2173;Königsmoos-Untermaxfeld;Bayern
2693;1946-01-02;2008-01-01;380;50.1855;8.4698;Königstein/Taunus;Hessen
2700;1965-01-02;2025-11-18;416;48.8302;11.4872;Kösching;Bayern
2701;1949-07-02;2011-04-01;136;51.1329;11.7252;Kösen, Bad;Sachsen-Anhalt
2703;2002-01-02;2004-10-11;496;51.855;9.3239;Köterberg;Nordrhein-Westfalen
2704;1997-10-02;2025-11-18;76;51.7511;12.0094;Köthen (Anhalt);Sachsen-Anhalt
2708;1995-08-02;2025-11-18;742;47.6652;11.0805;Kohlgrub, Bad (Rosshof);Bayern
2712;1963-07-02;2025-11-18;428;47.6952;9.1307;Konstanz;Baden-Württemberg
2713;1951-01-02;1979-01-01;398;47.6605;9.1634;Konstanz (Stadtgärtnerei);Baden-Württemberg
2717;1993-06-02;2010-01-01;395;51.2662;8.8309;Korbach-Lengefeld;Hessen
2738;1975-02-02;2002-02-02;776;47.6448;11.7438;Kreuth;Bayern
2750;1953-01-02;2025-11-18;310;50.2524;11.3209;Kronach;Bayern
2757;1965-01-02;1988-01-01;238;47.9077;7.702;Krozingen, Bad;Baden-Württemberg
2758;1984-07-02;1994-07-01;202;47.9585;7.6578;Krozingen, Bad-Hausen;Baden-Württemberg
2761;1955-01-02;1994-11-01;520;48.251;10.4163;Krumbach-Edenhausen;Bayern
2770;1977-07-02;1978-09-01;35;53.9015;10.2359;Kükels;Schleswig-Holstein
2773;1978-01-02;2025-11-18;415;49.4283;11.9016;Kümmersbruck;Bayern
2775;1950-01-02;1984-07-01;225;49.2795;9.6925;Künzelsau;Baden-Württemberg
2780;1964-01-02;1986-06-01;330;50.1003;11.4494;Kulmbach;Bayern
2783;1970-09-02;1996-09-01;436;48.5126;12.1513;Kumhausen;Bayern
2790;1974-01-02;1985-09-01;296;49.5592;7.4134;Kusel-Fünfbirken;Rheinland-Pfalz
2794;1949-05-02;2025-11-18;40;52.9363;12.4093;Kyritz;Brandenburg
2796;2004-06-02;2025-11-18;41;53.9156;12.279;Laage (Flugplatz);Mecklenburg-Vorpommern
2798;1979-01-02;2002-06-01;32;51.6;6.15;Laarbruch;Nordrhein-Westfalen
2812;1954-01-02;2025-11-18;156;48.3647;7.828;Lahr;Baden-Württemberg
2814;1953-01-02;2025-11-18;685;48.5121;9.7645;Merklingen;Baden-Württemberg
2821;1952-01-02;1962-01-01;214;51.9603;10.0157;Lamspringe;Niedersachsen
2829;1973-01-02;2022-07-11;621;48.0772;10.9144;Landsberg (Flugplatz);Bayern
2830;1954-01-02;1972-01-01;602;48.0349;10.8709;Landsberg/Lech;Bayern
2831;1951-01-12;2012-04-01;393;48.5357;12.1132;Landshut;Bayern
2843;1994-07-20;2020-01-01;125;50.0075;8.6547;Langen (BZ);Hessen
2856;1997-06-02;2025-11-18;91;51.9173;13.0878;Langenlipsdorf;Brandenburg
2857;1951-04-02;1962-12-01;175;51.1173;10.6568;Langensalza, Bad;Thüringen
2861;1955-01-02;1990-07-01;5;53.7445;7.4775;Langeoog;Niedersachsen
2872;1951-01-02;1955-01-01;15;52.8457;7.3489;Lathen;Niedersachsen
2878;1951-04-02;2025-11-18;117;51.3909;11.8786;Lauchstädt, Bad;Sachsen-Anhalt
2879;1953-01-02;1990-01-01;199;49.5781;9.7142;Lauda-Königshofen-Gerlachsheim;Baden-Württemberg
2886;1974-01-02;2025-11-18;539;48.2175;9.9097;Laupheim;Baden-Württemberg
2889;1975-01-02;1995-10-01;300;51.6323;10.4737;Lauterberg, Bad (A);Niedersachsen
2897;1994-08-31;2025-11-18;522;50.5808;9.2857;Lautertal-Hörgenau;Hessen
2905;1973-01-02;2025-11-18;550;48.1849;10.8507;Lechfeld;Bayern
2906;1955-01-02;1979-03-01;5;54.775;8.9808;Leck (A);Schleswig-Holstein
2907;1975-01-02;2025-11-18;7;54.7903;8.9514;Leck;Schleswig-Holstein
2912;1960-03-02;1978-12-01;9;54.7419;9.8791;Lehbek;Schleswig-Holstein
2915;1951-01-02;1966-01-01;640;50.4833;11.45;Lehesten/Thüringer Wald;Thüringen
2920;1982-09-02;2001-07-01;365;48.7654;12.5121;Leiblfing;Bayern
2923;1959-01-02;1974-06-01;663;47.9116;10.6124;Leinau;Bayern
2925;1961-01-02;2025-11-18;356;51.3932;10.3123;Leinefelde;Thüringen
2926;1975-01-02;1994-01-01;477;48.4333;10.2333;Leipheim (Flugplatz);Bayern
2928;1863-12-01;2025-11-18;138;51.3151;12.4462;Leipzig-Holzhausen;Sachsen
2931;1961-08-02;1976-05-01;128;51.392;12.3962;Leipzig-Mockau;Sachsen
2932;1938-01-02;2025-11-18;131;51.4347;12.2396;Leipzig/Halle;Sachsen
2947;1966-04-02;2025-11-18;286;51.1333;8.0348;Lennestadt-Theten;Nordrhein-Westfalen
2949;1951-08-02;2006-02-01;758;48.5396;9.5275;Lenningen-Schopfloch;Baden-Württemberg
2950;1966-04-02;2011-01-01;14;54.219;10.8844;Lensahn;Schleswig-Holstein
2951;1998-10-02;2025-11-18;20;53.1007;11.4864;Lenzen/Elbe;Brandenburg
2953;1965-01-02;2025-11-18;852;47.8597;8.2308;Lenzkirch-Ruhbühl;Baden-Württemberg
2954;1991-04-02;2008-12-29;990;47.8919;8.1788;Lenzkirch-Saig;Baden-Württemberg
2961;2002-01-02;2025-11-18;31;54.4996;10.2737;Leuchtturm Kiel;Schleswig-Holstein
2963;1950-01-02;1983-01-01;92;51.3167;12.0333;Leunawerke;Sachsen-Anhalt
2968;1949-01-02;2025-11-18;43;50.9894;6.9777;Köln-Stammheim;Nordrhein-Westfalen
2985;1995-01-02;2025-11-18;321;50.9383;14.2094;Lichtenhain-Mittelndorf;Sachsen
2996;1951-01-02;1965-01-01;352;48.7726;8.7287;Liebenzell, Bad;Baden-Württemberg
3001;1969-01-02;1994-06-01;284;48.0674;7.677;Liliental;Baden-Württemberg
3004;1953-01-02;2003-07-01;185;50.4116;8.0605;Limburg/Lahn-Offheim;Hessen
3007;1951-01-02;1960-01-01;96;49.4111;8.398;Limburgerhof;Rheinland-Pfalz
3015;1910-04-02;2025-11-18;98;52.2085;14.118;Lindenberg;Brandenburg
3016;1974-06-02;1992-05-01;760;47.598;9.8878;Lindenberg/Allgäu;Bayern
3017;1988-07-02;2014-05-01;341;49.68;8.7823;Lindenfels;Hessen
3018;1977-04-02;2010-01-01;445;49.7117;8.7804;Lindenfels-Winterkasten;Hessen
3023;1955-01-02;2021-01-01;22;52.5181;7.3081;Lingen;Niedersachsen
3028;1955-01-02;2025-11-18;157;51.7854;8.8388;Lippspringe, Bad;Nordrhein-Westfalen
3031;1984-12-02;2025-11-18;92;51.6336;8.3945;Lippstadt-Bökenförde;Nordrhein-Westfalen
3032;1941-01-02;2025-11-18;25;55.011;8.4125;List auf Sylt;Schleswig-Holstein
3034;1956-03-02;2025-11-18;496;50.4505;11.635;Lobenstein, Bad;Thüringen
3042;1997-07-02;2025-11-18;230;50.5617;8.2386;Löhnberg-Obershausen;Hessen
3044;1950-01-02;2022-06-02;22;52.7198;7.7472;Löningen;Niedersachsen
3045;1997-05-02;2011-07-01;27;52.7432;7.8763;Löningen-Hagel;Niedersachsen
3046;1984-02-02;1995-04-01;20;52.7333;7.7333;Löningen-Schnetlage;Niedersachsen
3056;1951-01-02;2009-11-01;161;50.0103;9.61;Lohr/Main-Steinbach;Bayern
3062;1955-01-02;1993-06-01;100;50.0352;7.8197;Lorch/Rhein;Hessen
3076;1951-01-02;1961-01-01;95;49.4606;8.4246;Ludwigshafen-Mundenheim;Rheinland-Pfalz
3082;1971-01-02;1979-01-01;56;51.9333;13.8833;Lübben;Brandenburg
3083;1995-10-02;2025-11-18;57;51.9267;13.8797;Lübben-Blumenfelde;Brandenburg
3085;1954-03-02;1989-03-01;15;53.8773;10.6915;Lübeck;Schleswig-Holstein
3086;1989-03-02;2025-11-18;15;53.8025;10.6989;Lübeck-Blankensee;Schleswig-Holstein
3088;1890-01-01;1977-07-01;5;53.8953;10.704;Lübeck-Werft;Schleswig-Holstein
3093;1958-12-02;2025-11-18;16;52.9724;11.1374;Lüchow;Niedersachsen
3096;1944-01-02;2000-01-01;444;51.2131;7.6359;Lüdenscheid (Zeppelin-Gymnasium);Nordrhein-Westfalen
3098;1997-12-24;2025-11-18;387;51.2452;7.6425;Lüdenscheid;Nordrhein-Westfalen
3101;1954-01-02;1999-10-01;58;51.7694;7.4128;Lüdinghausen;Nordrhein-Westfalen
3103;1951-05-02;2002-01-01;11;53.2657;10.424;Lüneburg;Niedersachsen
3113;1995-01-02;1995-08-01;528;50.7663;10.7201;Luisenthal (Talsperre);Thüringen
3126;1881-01-01;2025-11-18;79;52.1029;11.5827;Magdeburg;Sachsen-Anhalt
3135;1959-05-02;1987-04-01;473;49.0643;9.582;Mainhardt-Ziegelbronn;Baden-Württemberg
3137;1952-01-02;2025-11-18;195;49.9656;8.2139;Mainz-Lerchenberg (ZDF);Rheinland-Pfalz
3138;1983-01-02;1993-02-17;200;49.9798;8.1668;Mainz-Finthen;Rheinland-Pfalz
3139;1987-11-02;2009-01-01;509;48.2166;11.2965;Maisach-Gernlinden;Bayern
3145;2002-12-02;2012-09-02;30;54.18;10.5528;Malente, Bad-Gremsmühlen;Schleswig-Holstein
3147;1957-01-02;2024-08-03;390;48.7548;12.2118;Mallersdorf-Pfaffenberg-Oberlindhart;Bayern
3155;1965-11-02;2025-11-18;413;50.1015;6.8009;Manderscheid-Sonnenhof;Rheinland-Pfalz
3158;1989-01-02;2025-11-18;12;52.5468;14.5452;Manschnow;Brandenburg
3160;1956-01-02;1985-01-01;240;51.6084;11.4139;Vatterode-Gräfenstuhl;Sachsen-Anhalt
3164;1950-01-02;2025-11-18;187;50.8492;8.7746;Cölbe, Kr. Marburg-Biedenkopf;Hessen
3166;1959-08-02;2025-11-18;639;50.651;13.1469;Marienberg;Sachsen
3167;1966-12-02;2025-11-18;547;50.6621;7.9603;Marienberg, Bad;Rheinland-Pfalz
3170;2004-07-04;2014-05-01;9;54.4937;11.2411;Marienleuchte;Schleswig-Holstein
3181;2025-08-02;2025-11-18;360;49.4875;10.6277;Markt Erlbach-Hagenhofen;Bayern
3196;1906-01-02;2025-11-18;81;53.3223;11.9319;Marnitz;Mecklenburg-Vorpommern
3204;1987-11-02;2025-11-18;429;50.7335;10.8815;Martinroda;Thüringen
3211;1946-01-02;1961-01-01;1012;48.9359;13.5746;Mauth-Finsterau;Bayern
3212;1965-01-02;2007-01-01;230;50.3249;7.23;Mayen;Rheinland-Pfalz
3222;1965-01-02;1983-01-01;60;52.3411;9.1403;Meerbeck;Niedersachsen
3223;1951-01-02;1981-10-01;460;47.6985;9.2753;Meersburg;Baden-Württemberg
3226;2010-08-02;2025-11-18;107;51.7259;11.5109;Aschersleben-Mehringen;Sachsen-Anhalt
3227;1937-01-02;1984-12-01;216;51.8936;8.9842;Meinberg, Bad;Nordrhein-Westfalen
3228;1983-08-02;2001-04-01;506;51.0976;7.667;Meinerzhagen (A);Nordrhein-Westfalen
3231;1983-01-02;2025-11-18;450;50.5611;10.3771;Meiningen;Thüringen
3234;1960-06-02;2025-11-18;158;51.1294;13.4328;Garsebach bei Meißen;Sachsen
3236;1990-07-02;2006-01-01;89;52.2044;8.3382;Melle;Niedersachsen
3244;1965-01-02;2025-11-18;615;47.982;10.1384;Memmingen;Bayern
3245;1973-01-02;2006-11-30;630;47.9833;10.2333;Memmingen (Flugplatz);Bayern
3246;1988-11-02;2011-06-15;181;50.3667;7.3167;Mendig;Rheinland-Pfalz
3253;1965-01-02;2011-01-01;885;47.8309;8.0699;Sankt Blasien-Menzenschwand;Baden-Württemberg
3254;1977-01-02;2025-11-18;19;52.7155;7.3176;Meppen;Niedersachsen
3256;1989-01-02;1993-11-01;193;48.0167;7.6667;Merdingen;Baden-Württemberg
3257;1951-01-02;2025-11-18;251;49.4773;9.7622;Mergentheim, Bad-Neunkirchen;Baden-Württemberg
3265;1957-01-02;1967-01-01;297;49.922;9.2872;Mespelbrunn;Bayern
3268;2004-06-02;2025-11-18;900;48.1694;8.9433;Meßstetten-Appental;Baden-Württemberg
3271;1945-01-02;2025-11-18;314;48.8548;12.9189;Metten;Bayern
3274;1996-10-02;2016-01-01;415;49.507;6.5215;Mettlach-Orscholz (Kurort);Saarland
3278;2007-01-02;2025-11-18;354;48.5377;9.2734;Metzingen;Baden-Württemberg
3284;1991-01-02;2025-11-18;240;49.6692;9.0085;Michelstadt;Hessen
3287;1991-10-02;2025-11-18;453;49.7177;9.0997;Michelstadt-Vielbrunn;Hessen
3289;1976-10-02;2025-11-18;356;50.7281;11.7838;Schmieritz-Weltwitz;Thüringen
3291;1984-11-02;2008-01-01;129;49.712;9.2258;Miltenberg;Bayern
3300;1978-05-02;1997-06-01;155;50.2285;9.1064;Mittel-Gründau;Hessen
3307;1941-01-02;2025-11-18;984;47.4779;11.2653;Mittenwald-Buckelwiesen;Bayern
3313;1940-09-02;1976-04-01;508;49.7328;8.7771;Modautal-Neunkirchen;Hessen
3317;1979-07-02;1988-10-01;42;53.6128;10.6943;Mölln;Schleswig-Holstein
3319;2010-09-02;2025-11-18;239;49.7644;9.253;Röllbach;Bayern
3320;1939-01-02;1957-06-01;49;51.197;6.4499;Mönchengladbach;Nordrhein-Westfalen
3321;2012-04-26;2025-11-18;77;51.1313;6.3609;Mönchengladbach-Hilderath;Nordrhein-Westfalen
3340;1942-01-02;2025-11-18;265;50.4383;7.8061;Montabaur;Rheinland-Pfalz
3348;1994-07-02;2025-11-18;240;51.7209;9.8352;Moringen-Lutterbeck;Niedersachsen
3362;2002-01-02;2025-11-18;243;48.9721;8.8735;Mühlacker;Baden-Württemberg
3366;1957-01-02;2025-11-18;406;48.279;12.5024;Mühldorf;Bayern
3369;1984-01-02;2010-03-16;42;53.6;10.4833;Mühlenrade;Schleswig-Holstein
3370;1999-04-02;2008-12-01;300;51.2076;10.3956;Mühlhausen;Thüringen
3376;1953-01-02;2025-11-18;63;52.5176;14.1232;Müncheberg;Brandenburg
3379;1958-06-02;2025-11-18;515;48.1632;11.5429;München-Stadt;Bayern
3382;1949-11-02;1958-01-01;521;48.1441;11.6;München-Bogenhausen;Bayern
3383;1879-01-01;1959-01-01;515;48.1635;11.5019;München-Botanischer Garten;Bayern
3385;1959-01-02;2003-04-01;515;48.166;11.5011;München-Nymphenburg;Bayern
3388;1998-02-02;2001-02-01;542;48.0919;11.6486;München-Perlach;Bayern
3390;1944-01-02;1996-05-18;529;48.1369;11.7094;München-Riem;Bayern
3402;1950-01-02;2025-11-18;750;48.3851;9.4837;Münsingen-Apfelstetten;Baden-Württemberg
3404;1891-01-01;1996-01-01;62;51.9494;7.5906;Münster;Nordrhein-Westfalen
3425;1955-01-02;2008-06-01;344;48.9729;9.5712;Murrhardt;Baden-Württemberg
3426;1940-05-19;2025-11-18;127;51.566;14.7008;Muskau, Bad;Sachsen
3432;1953-01-02;1999-04-01;380;48.5675;8.7179;Nagold;Baden-Württemberg
3442;1951-01-02;2025-11-18;149;50.3574;8.7506;Nauheim, Bad;Hessen
3478;1980-07-02;2009-08-17;81;53.5468;13.1914;Neubrandenburg;Mecklenburg-Vorpommern
3484;1977-01-02;2025-11-18;380;48.7085;11.2147;Neuburg/Donau (Flugplatz);Bayern
3485;1995-06-02;2025-11-18;486;48.3115;10.3773;Neuburg/Kammel-Langenhaslach;Bayern
3486;1953-01-02;2009-01-01;212;49.2931;9.2722;Neudenau;Baden-Württemberg
3490;1952-01-02;2025-11-18;111;50.5346;7.0853;Neuenahr, Bad-Ahrweiler;Rheinland-Pfalz
3493;1984-07-02;1994-08-01;223;47.8333;7.5833;Neuenburg-Zinken;Baden-Württemberg
3509;2008-10-02;2025-11-18;78;53.102;13.0421;Menz;Brandenburg
3513;1959-01-02;2025-11-18;845;50.5002;11.1344;Neuhaus am Rennweg;Thüringen
3518;1975-01-02;1998-01-01;793;47.976;8.9101;Neuhausen ob Eck;Baden-Württemberg
3519;1997-12-02;2008-01-01;663;47.9519;8.9932;Neuhausen ob Eck-Unterschwandorf;Baden-Württemberg
3527;1951-01-02;2025-11-18;500;50.8923;9.405;Neukirchen-Hauptschwenda;Hessen
3532;1955-01-02;1980-12-01;4;54.3609;10.6015;Neuland;Schleswig-Holstein
3534;1985-03-02;2025-11-18;584;49.2713;11.4881;Neumarkt-Höhenberg;Bayern
3537;1940-01-02;2011-09-01;26;54.0873;9.9791;Neumünster;Schleswig-Holstein
3540;1996-09-02;2025-11-18;195;50.8446;7.372;Neunkirchen-Seelscheid-Krawinkel;Nordrhein-Westfalen
3541;1966-08-02;1996-03-01;185;50.8956;7.3081;Neunkirchen-Seelscheid-Meisenbach;Nordrhein-Westfalen
3542;1979-11-02;1999-06-01;271;49.35;7.1667;Neunkirchen/Saar;Saarland
3545;1974-01-02;2025-11-18;236;49.344;7.2297;Neunkirchen-Wellesweiler;Saarland
3552;1965-01-02;2023-04-09;38;52.9037;12.8072;Neuruppin;Brandenburg
3565;1951-01-02;2006-02-01;315;49.5728;10.6001;Neustadt/Aisch;Bayern
3571;2012-03-02;2025-11-18;452;49.8174;11.8638;Neustadt am Kulm-Filchendorf;Bayern
3575;1955-01-02;1987-01-01;163;49.357;8.1405;Neustadt/Weinstraße;Rheinland-Pfalz
3576;1980-01-02;2006-11-01;125;49.3478;8.1822;Neustadt/Weinstraße (Heidehof);Rheinland-Pfalz
3577;1951-01-02;1980-07-01;64;53.3585;13.0502;Neustrelitz;Mecklenburg-Vorpommern
3578;1985-10-02;2011-01-01;341;48.9831;12.1444;Regensburg-Burgweinting;Bayern
3590;1965-01-02;2009-10-01;180;50.2335;8.8923;Nidderau-Windecken;Hessen
3591;1998-01-02;2025-11-18;350;50.6743;6.424;Nideggen-Schmidt;Nordrhein-Westfalen
3595;1970-05-02;2007-07-01;250;50.4107;7.808;Niederelbert;Rheinland-Pfalz
3603;2004-07-02;2025-11-18;459;49.3895;9.9666;Niederstetten;Baden-Württemberg
3605;1955-01-02;1984-11-01;451;48.5334;10.2427;Niederstotzingen;Baden-Württemberg
3612;1951-01-02;2025-11-18;25;52.6711;9.2229;Nienburg;Niedersachsen
3621;1951-01-02;2025-11-18;435;48.8253;10.5067;Reimlingen;Bayern
3623;1973-01-02;2025-11-18;110;50.8294;6.6601;Nörvenich (Flugplatz);Nordrhein-Westfalen
3631;1951-01-02;2025-11-18;12;53.7123;7.1519;Norderney;Niedersachsen
3639;1978-01-02;2025-11-18;26;53.7647;8.6584;Nordholz (Flugplatz);Niedersachsen
3640;1940-01-02;2011-01-01;24;52.4124;7.064;Nordhorn-Blanke;Niedersachsen
3651;1996-04-03;2025-11-18;109;51.7521;9.945;Northeim-Stöckheim;Niedersachsen
3657;1987-06-02;2019-09-01;341;50.9081;7.5543;Nümbrecht auf dem Lindchen;Nordrhein-Westfalen
3658;1984-07-02;2009-02-01;303;50.9095;7.5725;Nümbrecht-Distelkamp;Nordrhein-Westfalen
3659;1951-01-02;1999-03-28;627;50.3391;6.9501;Nürburg;Rheinland-Pfalz
3660;1999-02-25;2025-11-18;485;50.3602;6.8697;Nürburg-Barweiler;Rheinland-Pfalz
3661;1964-01-02;1982-04-01;307;49.45;11.0667;Nürnberg (Hochhaus);Bayern
3666;1938-01-02;1979-01-01;335;49.5008;11.107;Nürnberg-Buchenbuehl;Bayern
3667;1979-01-02;2025-11-18;369;49.4258;11.2539;Nürnberg-Netzstall;Bayern
3668;1879-01-01;2025-11-18;314;49.503;11.0549;Nürnberg;Bayern
3671;1959-01-02;1995-04-01;280;48.6321;9.3261;Nürtingen;Baden-Württemberg
3672;1952-05-02;1959-01-01;457;48.6207;8.8962;Nufringen;Baden-Württemberg
3679;1951-01-02;2025-11-18;518;47.6187;12.1665;Kiefersfelden-Gach;Bayern
3694;1954-06-02;1985-12-18;810;50.7005;10.7256;Oberhof;Thüringen
3702;1976-01-02;2011-01-01;515;47.878;7.8288;Münstertal-Obermünstertal;Baden-Württemberg
3705;1986-07-02;2009-01-01;475;48.3147;8.5735;Oberndorf/Neckar-Aistaig;Baden-Württemberg
3722;1980-04-02;2015-11-20;484;48.2443;11.5528;Oberschleißheim;Bayern
3727;1987-10-02;2005-10-01;800;47.5619;10.0313;Oberstaufen-Kalzhofen;Bayern
3730;1914-01-02;2025-11-18;806;47.3984;10.2759;Oberstdorf;Bayern
3734;2008-07-02;2025-11-18;230;49.128;9.3525;Obersulm-Willsbach;Baden-Württemberg
3735;1940-07-02;1963-01-01;455;48.2635;12.276;Obertaufkirchen;Bayern
3739;1952-10-02;2025-11-18;596;49.4521;12.4365;Oberviechtach;Bayern
3744;1975-12-02;1979-07-01;125;51.6018;9.5383;Oberweser-Gieselwerder;Hessen
3751;1992-06-02;2002-01-01;626;48.0449;9.8822;Ochsenhausen-Mittelbuch;Baden-Württemberg
3752;1963-09-02;1986-10-01;1014;50.03;11.8074;Ochsenkopf;Bayern
3753;1968-01-02;1997-04-01;56;52.2042;7.1784;Ochtrup;Nordrhein-Westfalen
3761;1951-01-02;2025-11-18;276;49.207;9.5176;Öhringen;Baden-Württemberg
3775;1982-01-02;2002-12-17;100;50.1029;8.7468;Offenbach/Main (Zentrallabor);Hessen
3776;1961-11-02;1999-11-01;110;50.0946;8.7546;Offenbach/M. (Stadt);Hessen
3777;1962-01-02;2008-01-01;153;48.4593;7.9255;Offenburg;Baden-Württemberg
3788;1964-06-02;1990-01-01;305;50.8646;14.7628;Olbersdorf;Sachsen
3790;1951-01-02;1993-10-01;5;53.1018;8.2516;Oldenburg (A);Niedersachsen
3791;1973-01-02;2016-10-02;11;53.1763;8.1824;Oldenburg;Niedersachsen
3811;1982-01-02;2025-11-18;150;51.296;13.0928;Oschatz;Sachsen
3815;1956-02-02;2014-12-01;95;52.2553;8.0534;Osnabrück;Niedersachsen
3818;1960-01-02;1971-01-01;29;52.7167;11.7333;Osterburg;Sachsen-Anhalt
3821;1988-08-02;2025-11-18;246;51.0873;11.9293;Osterfeld;Sachsen-Anhalt
3825;1965-01-02;1982-01-01;338;49.5033;7.2773;Osterhof;Saarland
3836;1976-05-02;2025-11-18;314;50.4538;10.2211;Ostheim v.d. Rhön;Bayern
3856;1953-01-02;1997-07-01;1010;47.6383;10.4313;Oy-Mittelberg;Bayern
3857;1997-10-02;2025-11-18;886;47.6362;10.3892;Oy-Mittelberg-Petersthal;Bayern
3867;1954-01-02;1961-01-01;7;53.0643;7.4814;Papenburg;Niedersachsen
3875;1954-01-02;2025-11-18;549;49.151;11.6896;Parsberg/Oberpfalz-Eglwang;Bayern
3878;1940-01-02;1962-01-01;329;48.5805;13.4152;Passau-Maierhof;Bayern
3879;1952-01-02;2001-01-04;409;48.5779;13.4694;Passau-Oberhaus;Bayern
3883;1974-03-02;2002-02-01;442;50.5999;11.9966;Pausa-Unterreichenau;Sachsen
3897;2002-01-02;2025-11-18;2;54.0893;10.8773;Pelzerhaken;Schleswig-Holstein
3903;1955-01-02;2008-10-01;175;49.5114;6.3857;Perl-Besch;Saarland
3904;1969-01-02;2025-11-18;152;49.5354;6.3789;Perl-Nennig;Saarland
3905;1994-08-30;2025-11-18;407;49.5214;6.4476;Perl-Sinz-Renglischberg;Saarland
3915;1951-01-02;1955-01-01;145;51.9893;13.3608;Petkus;Brandenburg
3921;1978-06-02;2000-05-01;396;49.85;7.6;Pferdsfeld;Rheinland-Pfalz
3922;1979-11-02;2005-07-01;435;49.1162;10.8598;Pfofeld-Langlau;Bayern
3924;1941-01-02;2009-09-01;246;48.9059;8.7412;Pforzheim-Eutingen;Baden-Württemberg
3925;1993-04-07;2025-11-18;332;48.9329;8.6973;Pforzheim-Ispringen;Baden-Württemberg
3927;1962-01-02;2025-11-18;630;47.9345;9.2869;Pfullendorf;Baden-Württemberg
3929;1952-01-02;1989-10-01;100;49.2511;8.4415;Philippsburg;Baden-Württemberg
3939;1954-01-02;2025-11-18;385;49.1912;7.5879;Pirmasens;Rheinland-Pfalz
3946;1882-01-01;2025-11-18;387;50.4818;12.13;Plauen;Sachsen
3954;1974-07-02;2000-10-01;26;54.1603;10.4345;Plön (Max-Planck-Institut);Schleswig-Holstein
3955;1954-01-02;2001-02-01;24;54.159;10.402;Plön (See);Schleswig-Holstein
3974;1953-03-02;1997-07-01;368;49.5058;11.5142;Pommelsbrunn;Bayern
3975;1997-09-02;2025-11-18;522;49.4777;11.5357;Pommelsbrunn-Mittelburg;Bayern
3987;1893-01-01;2025-11-18;81;52.3813;13.0622;Potsdam;Brandenburg
3988;1893-01-01;2024-01-01;81;52.3822;13.0622;Potsdam (Säkularstation);Brandenburg
4005;1950-01-02;1962-01-01;530;47.8588;12.3624;Prien-Stock;Bayern
4018;1955-01-02;1987-09-01;550;48.1877;11.2206;Puch;Bayern
4024;1853-07-01;2025-11-18;40;54.3643;13.4771;Putbus;Mecklenburg-Vorpommern
4029;1944-01-02;1962-01-01;25;52.6691;7.9544;Quakenbrück;Niedersachsen
4032;1949-01-02;2025-11-18;142;51.7953;11.132;Quedlinburg;Sachsen-Anhalt
4036;1957-06-02;2025-11-18;204;51.3895;11.5412;Querfurt-Mühle Lodersleben;Sachsen-Anhalt
4038;1951-01-02;1981-07-01;27;53.7276;9.9071;Quickborn (Kurzer Kamp);Schleswig-Holstein
4039;1978-12-02;2025-11-18;11;53.7331;9.8776;Quickborn;Schleswig-Holstein
4053;1957-01-02;2001-01-01;407;47.7458;9.0007;Radolfzell-Markelfingen;Baden-Württemberg
4063;1955-01-02;2025-11-18;41;52.4461;8.5906;Rahden-Kleinendorf;Nordrhein-Westfalen
4066;1990-11-02;2003-02-01;553;47.9091;11.1048;Raisting;Bayern
4077;1941-01-02;1943-08-01;114;48.8471;8.1868;Rastatt;Baden-Württemberg
4079;1951-01-02;2009-07-01;200;51.1765;11.4183;Rastenberg;Thüringen
4091;1966-07-02;2002-07-01;1640;47.7327;12.6827;Rauschberg bei Ruhpolding;Bayern
4094;1950-01-02;2025-11-18;440;47.8062;9.6206;Weingarten, Kr. Ravensburg;Baden-Württemberg
4100;1958-01-02;1978-01-01;109;51.6243;7.182;Recklinghausen;Nordrhein-Westfalen
4104;1879-01-01;2025-11-18;365;49.0425;12.1019;Regensburg;Bayern
4125;1939-01-02;2010-12-01;470;47.7238;12.874;Reichenhall, Bad;Bayern
4127;1995-10-02;2025-11-18;347;50.9906;7.6958;Reichshof-Eckenhagen;Nordrhein-Westfalen
4149;1951-01-02;1968-04-01;774;50.5477;13.2238;Marienberg-Reitzenhain;Sachsen
4152;1975-01-02;1982-01-01;760;47.6783;8.1527;Remetschwiel;Baden-Württemberg
4154;2015-02-02;2022-07-01;345;51.18;7.2505;Remscheid-Lennep;Nordrhein-Westfalen
4156;1977-10-02;2002-03-01;8;54.2878;9.6749;Rendsburg;Schleswig-Holstein
4157;1989-06-02;2007-12-01;315;50.5052;7.4881;Rengsdorf (Kurort);Rheinland-Pfalz
4160;1974-12-23;2025-11-18;478;48.7425;8.924;Renningen-Ihinger Hof;Baden-Württemberg
4166;1992-05-02;2007-01-01;360;48.5051;9.1833;Reutlingen-Betzingen;Baden-Württemberg
4169;1962-01-02;2025-11-18;131;48.6703;7.9939;Rheinau-Memprechtshofen;Baden-Württemberg
4174;1975-01-02;2021-12-21;40;52.2887;7.3866;Rheine-Bentlage;Nordrhein-Westfalen
4175;1957-09-02;2025-11-18;283;47.559;7.7721;Rheinfelden;Baden-Württemberg
4177;1952-01-02;2025-11-18;116;48.9726;8.3301;Rheinstetten;Baden-Württemberg
4189;2008-08-02;2025-11-18;533;48.1479;9.4596;Altheim, Kreis Biberach;Baden-Württemberg
4222;1967-01-02;2010-02-01;464;50.5263;12.4091;Rodewisch;Sachsen
4225;1983-06-02;2023-04-13;373;49.2195;12.536;Roding-Wetterfeld;Bayern
4233;1940-04-04;1957-12-01;397;50.3833;9.5167;Röhrigshof bei Schlüchtern;Hessen
4240;1952-01-02;1996-10-01;440;50.6407;6.2058;Roetgen;Nordrhein-Westfalen
4261;1954-01-02;2025-11-18;442;47.8753;12.128;Rosenheim;Bayern
4271;1951-01-02;2025-11-18;4;54.1803;12.0808;Rostock-Warnemünde;Mecklenburg-Vorpommern
4275;1950-01-02;2025-11-18;32;53.1288;9.3398;Rotenburg (Wümme);Niedersachsen
4278;1955-01-02;2013-01-01;340;49.2511;11.0934;Roth bei Nürnberg;Bayern
4279;1993-04-19;2025-11-18;593;50.3046;6.3862;Roth bei Prüm;Rheinland-Pfalz
4280;1975-01-02;2025-11-18;386;49.2162;11.1035;Roth;Bayern
4287;1951-06-02;2025-11-18;415;49.3848;10.1732;Rothenburg ob der Tauber;Bayern
4288;1955-01-02;1979-09-01;95;52.1038;8.1808;Rothenfelde, Bad;Niedersachsen
4293;1962-01-02;2009-12-01;747;47.6819;11.7714;Rottach-Egern;Bayern
4294;1983-07-02;2006-11-01;360;48.4704;8.9687;Rottenburg-Kiebingen;Baden-Württemberg
4300;1961-02-02;2025-11-18;588;48.1814;8.6356;Rottweil;Baden-Württemberg
4301;1951-01-02;2025-11-18;102;49.8502;7.871;Kreuznach, Bad;Rheinland-Pfalz
4318;1975-06-02;2011-01-01;692;47.731;12.661;Ruhpolding;Bayern
4320;1992-06-02;1996-10-01;36;54.0934;10.2223;Ruhwinkel;Schleswig-Holstein
4323;1973-01-02;2025-11-18;461;49.6468;7.8837;Ruppertsecken;Rheinland-Pfalz
4327;1957-03-02;1975-07-17;797;48.8765;13.049;Rusel-Irlmoos;Bayern
4330;1956-01-02;1984-04-01;449;48.8026;8.9557;Rutesheim;Baden-Württemberg
4332;1951-05-02;1964-01-01;235;50.6563;11.3894;Saalfeld;Thüringen
4335;1981-07-02;1987-07-01;206;49.25;6.95;Saarbrücken (Röchling);Saarland
4336;1955-01-02;2025-11-18;320;49.2128;7.1077;Saarbrücken-Ensheim;Saarland
4338;1979-07-02;1992-01-27;191;49.217;7.0199;Saarbrücken (Wasserwerk);Saarland
4339;1952-01-02;2005-04-01;193;49.2231;7.0168;Saarbrücken-Sankt Johann;Saarland
4343;1983-01-02;2001-10-01;180;49.3256;6.7354;Saarlouis;Saarland
4347;1952-01-02;2007-07-09;292;51.5909;10.5691;Sachsa, Bad;Niedersachsen
4349;1991-11-02;2025-11-18;251;48.9569;9.0711;Sachsenheim;Baden-Württemberg
4350;1970-01-02;2013-01-01;339;47.5619;7.9399;Säckingen, Bad (Bergseestr.);Baden-Württemberg
4354;1989-09-02;2025-11-18;457;48.7832;13.3146;Saldenburg-Entschenreuth;Bayern
4364;1969-01-02;2004-01-01;138;52.0355;10.3054;Salzgitter-Ringelheim;Niedersachsen
4367;1996-04-02;2011-01-01;175;52.0781;9.552;Salzhemmendorf-Lauenstein;Niedersachsen
4371;1939-01-02;2025-11-18;135;52.1042;8.7521;Salzuflen, Bad;Nordrhein-Westfalen
4373;1940-01-16;1976-07-01;29;52.8568;11.1319;Salzwedel;Sachsen-Anhalt
4377;1969-01-02;2025-11-18;518;50.3518;10.0034;Sandberg;Bayern
4386;1951-01-02;2011-01-01;795;47.761;8.1247;Sankt Blasien;Baden-Württemberg
4390;1967-01-02;2009-01-01;896;48.0091;8.0966;Sankt Märgen;Baden-Württemberg
4391;1955-04-02;1973-11-01;3;53.9878;9.1125;Sankt Michaelisdonn;Schleswig-Holstein
4393;1955-01-02;2025-11-18;5;54.3279;8.6031;Sankt Peter-Ording;Schleswig-Holstein
4396;1955-01-02;1965-01-01;400;49.4672;7.2036;Sankt Wendel-Hof;Saarland
4397;1982-02-02;2010-01-01;400;49.5025;7.202;Sankt Wendel-Urweiler;Saarland
4401;1954-01-02;1984-07-01;81;51.6334;8.1872;Sassendorf, Bad-Ostinghausen;Nordrhein-Westfalen
4411;1983-12-02;2025-11-18;155;49.9195;8.9671;Schaafheim-Schlierbach;Hessen
4419;1951-01-02;2009-01-01;212;47.9557;7.7133;Schallstadt-Mengen;Baden-Württemberg
4424;1970-04-07;1991-01-01;1205;47.9139;7.9083;Schauinsland (UBA);Baden-Württemberg
4425;1955-01-02;1970-01-01;569;49.4864;7.029;Schaumberg-Tholey;Saarland
4429;1985-12-02;1998-09-01;778;47.588;9.85;Scheidegg;Bayern
4433;1991-01-02;2009-01-01;519;48.1994;9.77;Schemmerhofen-Ingerkingen;Baden-Württemberg
4436;1951-01-02;1956-01-01;314;50.8166;9.846;Schenklengsfeld;Hessen
4438;1996-12-02;2011-01-01;317;49.975;11.0395;Scheßlitz;Bayern
4442;1985-01-02;2012-01-01;155;51.9119;9.1533;Schieder;Nordrhein-Westfalen
4445;1906-12-02;2025-11-18;609;51.7658;10.6533;Wernigerode-Schierke;Sachsen-Anhalt
4464;1955-04-02;2025-11-18;501;50.5679;11.8041;Schleiz;Thüringen
4466;1951-01-02;2025-11-18;43;54.5275;9.5487;Schleswig;Schleswig-Holstein
4468;1957-01-02;1977-08-01;19;54.5227;9.5649;Schleswig-Stadtfeld;Schleswig-Holstein
4469;1942-02-02;1949-02-01;399;50.5071;10.762;Schleusingen;Thüringen
4471;1983-01-02;1989-08-01;780;47.7358;11.8505;Schliersee (A);Bayern
4474;1958-01-02;1978-01-01;170;49.7961;7.7583;Schlossböckelheim;Rheinland-Pfalz
4477;1961-01-02;2014-05-02;993;47.8208;8.186;Schluchsee;Baden-Württemberg
4479;1958-01-02;1989-10-01;375;50.3849;9.5358;Schlüchtern-Kloster Gomfritz;Hessen
4480;1989-10-02;2025-11-18;230;50.3447;9.5534;Schlüchtern-Herolz;Hessen
4484;1965-01-02;1975-04-01;45;53.6615;10.2543;Schmalenbeck;Schleswig-Holstein
4485;2009-02-02;2021-03-01;296;50.725;10.4539;Schmalkalden, Kurort;Thüringen
4489;1951-01-02;1967-01-01;198;51.8833;10.7667;Schmatzfeld;Sachsen-Anhalt
4490;1970-01-02;2007-01-01;223;49.4149;6.836;Schmelz-Hüttersdorf;Saarland
4501;1940-01-02;2025-11-18;937;50.6545;10.7696;Schmücke;Thüringen
4505;1951-01-02;1991-02-01;650;50.4988;12.4534;Schnarrtanne-Vogelsgrün;Sachsen
4508;1957-01-02;2025-11-18;649;50.2968;6.4194;Schneifelforsthaus;Rheinland-Pfalz
4517;1951-01-02;2012-12-01;635;48.7859;8.6451;Schömberg, Kr. Calw;Baden-Württemberg
4548;2011-07-02;2025-11-18;608;50.1847;12.0791;Schönwald/Ofr.-Brunn;Bayern
4549;1981-05-02;2014-10-01;1021;48.1002;8.1969;Schönwald/Schwarzwald;Baden-Württemberg
4556;1976-09-02;2004-09-01;904;48.1402;8.1991;Schonach;Baden-Württemberg
4557;1957-01-02;2006-11-01;400;47.6463;7.8439;Schopfheim-Eichen;Baden-Württemberg
4559;2000-05-02;2025-11-18;398;49.1644;12.6175;Schorndorf-Knöbling;Bayern
4560;1953-01-02;2025-11-18;265;50.4925;9.1226;Schotten;Hessen
4571;1973-06-02;2001-04-01;504;51.8369;10.4312;Schulenberg;Niedersachsen
4576;1981-04-02;1985-08-01;343;49.3261;11.012;Schwabach (A);Bayern
4581;1955-01-02;2006-11-01;415;48.7768;9.8025;Schwäbisch Gmünd-Strassdorf;Baden-Württemberg
4582;1987-04-02;2005-08-01;358;49.0823;9.6892;Schwäbisch Hall-Bibersfeld;Baden-Württemberg
4583;1995-11-27;2012-12-27;300;48.7868;9.7456;Schwäbisch Gmünd (Wind);Baden-Württemberg
4584;1974-04-02;1983-06-01;444;48.3667;11.8;Schwaigermoos;Bayern
4586;1995-01-02;2002-07-01;320;50.1394;8.0627;Schwalbach, Bad;Hessen
4592;1959-10-22;2025-11-18;356;49.3278;12.0871;Schwandorf;Bayern
4593;1999-07-02;2003-12-01;117;51.9639;11.1208;Schwanebeck;Sachsen-Anhalt
4597;1949-01-02;2015-01-01;792;47.5769;10.7181;Schwangau-Horn;Bayern
4605;1953-07-06;2025-11-18;277;50.6441;11.1936;Schwarzburg;Thüringen
4606;1964-01-02;1985-01-01;116;51.5167;14.35;Schwarze Pumpe;Brandenburg
4612;1940-01-02;1969-07-01;418;50.5513;12.7678;Schwarzenberg;Sachsen
4621;1962-05-02;2008-01-01;240;50.0575;10.216;Schweinfurt-Gartenstadt;Bayern
4625;1890-01-01;2025-11-18;59;53.6425;11.3872;Schwerin;Mecklenburg-Vorpommern
4629;1976-10-02;2003-12-01;37;54.5166;9.142;Schwesing;Schleswig-Holstein
4642;1980-10-02;2025-11-18;21;52.8911;11.7297;Seehausen;Sachsen-Anhalt
4649;1951-01-02;1960-06-01;214;50.8698;7.3228;Seelscheid;Nordrhein-Westfalen
4651;1941-01-02;2025-11-18;186;51.904;10.1885;Seesen;Niedersachsen
4656;1955-01-02;1977-07-01;49;53.9278;10.2993;Segeberg, Bad;Schleswig-Holstein
4663;1986-02-02;2015-04-13;535;50.1633;12.1188;Selb/Oberfranken (Klärwerk);Bayern
4664;1945-01-02;2004-07-01;611;50.1969;12.1727;Selb/Oberfranken-Wildenau;Bayern
4665;1973-01-02;1979-06-01;431;49.5281;7.0417;Selbach (Tholey);Saarland
4678;1974-01-02;1992-07-30;1;53.5833;8.0333;Sengwarden;Niedersachsen
4692;1941-01-02;2022-12-01;229;50.8534;7.9966;Siegen (Kläranlage);Nordrhein-Westfalen
4702;2004-07-03;2011-11-02;645;48.1;9.25;Sigmaringen (Flugplatz);Baden-Württemberg
4703;1955-01-02;2025-11-18;581;48.0719;9.1943;Sigmaringen-Laiz;Baden-Württemberg
4704;1992-05-02;2025-11-18;507;47.5776;9.7404;Sigmarszell-Zeisertsweiler;Bayern
4705;1951-01-02;1957-12-11;819;49.7595;12.3891;Silberhütte;Bayern
4706;1985-01-02;2025-11-18;358;48.2718;13.0273;Simbach/Inn;Bayern
4709;1983-04-02;2025-11-18;445;49.9996;7.5981;Simmern-Wahlbach;Rheinland-Pfalz
4719;2002-01-02;2011-08-29;169;49.2447;8.8787;Sinsheim;Baden-Württemberg
4729;1993-07-02;2008-03-01;342;50.2882;9.4583;Steinau-Seidenroth;Hessen
4735;1981-01-02;1991-01-01;123;48.7833;8.0833;Söllingen;Baden-Württemberg
4741;1940-01-02;2007-01-01;152;51.14;7.093;Solingen-Hohenscheid;Nordrhein-Westfalen
4745;1951-07-22;2025-11-18;75;52.9604;9.793;Soltau;Niedersachsen
4748;1951-01-02;2015-01-01;221;51.352;10.9059;Sondershausen;Thüringen
4752;1955-01-02;2012-07-02;626;50.3746;11.1828;Sonneberg-Neufang;Thüringen
4763;1965-01-02;2025-11-18;265;51.0607;9.9266;Sontra;Hessen
4765;1955-01-02;1985-01-01;199;51.28;9.9847;Sooden-Allendorf, Bad;Hessen
4775;1956-01-02;1970-01-01;424;49.7858;11.8211;Speinshart;Bayern
4782;1995-01-02;1996-01-01;87;51.604;12.1093;Spören-Prussendorf;Sachsen-Anhalt
4813;2024-08-02;2025-11-18;318;50.0806;11.0466;Staffelstein, Bad-Stublang;Bayern
4818;1968-04-02;2005-01-01;597;50.1531;11.7402;Stammbach-Querenbach;Bayern
4837;1989-12-02;1994-10-01;363;47.9869;7.9466;Stegen;Baden-Württemberg
4841;2002-10-02;2025-11-18;1;53.6946;8.8735;Steinau, Kr. Cuxhaven;Niedersachsen
4847;1974-01-02;1980-01-01;500;51.3629;9.6902;Steinberg;Niedersachsen
4857;1994-11-02;2025-11-18;1;53.5534;9.6097;Mittelnkirchen-Hohenfelde;Niedersachsen
4878;1934-01-02;2025-11-18;504;51.6646;10.8811;Oberharz am Brocken-Stiege;Sachsen-Anhalt
4880;1988-12-02;2025-11-18;450;49.0878;10.124;Stimpfach-Weipertshofen;Baden-Württemberg
4881;1981-10-02;1998-08-01;532;47.8591;9.0152;Stockach;Baden-Württemberg
4886;1979-11-02;2011-05-27;3;53.8333;9.3667;Störsperrwerk;Schleswig-Holstein
4887;1951-01-02;2025-11-18;734;48.6656;9.8648;Stötten;Baden-Württemberg
4896;1978-12-02;2025-11-18;40;54.6654;9.805;Wagersrott;Schleswig-Holstein
4911;1955-01-02;2025-11-18;351;48.8275;12.5597;Straubing;Bayern
4919;1981-10-02;2025-04-22;7;54.4965;8.8069;Strucklahnungshörn;Schleswig-Holstein
4926;1950-01-02;2017-05-15;224;48.7896;9.2167;Stuttgart (Neckartal);Baden-Württemberg
4927;1953-08-02;1988-08-01;286;48.7693;9.1814;Stuttgart-Stadt;Baden-Württemberg
4928;1962-01-02;2025-11-18;314;48.8281;9.2;Stuttgart (Schnarrenberg);Baden-Württemberg
4929;1988-09-02;1989-06-01;311;48.8333;9.2;Stuttgart (Schnarrenberg Aero);Baden-Württemberg
4931;1957-01-02;2025-11-18;371;48.6883;9.2235;Stuttgart-Echterdingen;Baden-Württemberg
4933;1904-01-02;1981-07-01;401;48.7091;9.2147;Stuttgart-Hohenheim;Baden-Württemberg
4939;1951-01-02;1963-01-01;235;51.7333;11.1167;Suderode, Bad;Sachsen-Anhalt
4947;1992-08-18;2025-11-18;129;52.2317;10.92;Süpplingen;Niedersachsen
4977;1997-01-02;2006-05-01;45;52.5447;11.9724;Tangermünde;Sachsen-Anhalt
4978;1990-01-02;2025-11-18;395;50.639;10.0228;Tann/Rhön;Hessen
4987;1990-05-02;2008-07-01;179;49.6122;9.6747;Tauberbischofsheim-Dittigheim;Baden-Württemberg
4996;1940-01-02;2003-11-01;837;47.7099;11.7639;Tegernsee;Bayern
4997;1998-10-02;2025-11-18;196;50.9771;12.3419;Starkenberg-Tegkwitz;Thüringen
5009;1951-01-02;2025-11-18;38;53.761;12.5574;Teterow;Mecklenburg-Vorpommern
5014;1956-01-02;2025-11-18;7;53.2758;8.9857;Worpswede-Hüttenbusch;Niedersachsen
5017;1952-01-02;2025-11-18;633;50.4002;11.3888;Teuschnitz;Bayern
5024;1951-01-02;1955-01-01;67;52.2084;12.0328;Möckern-Räckendorf;Sachsen-Anhalt
5029;1979-06-02;2025-11-18;386;49.4737;7.0385;Tholey;Saarland
5032;1990-05-02;2008-01-01;197;49.885;9.8469;Thüngersheim;Bayern
5039;1972-03-02;2003-01-01;236;50.843;10.1613;Tiefenort;Thüringen
5046;1971-01-02;2025-11-18;501;49.8576;12.3542;Tirschenreuth-Lodermühl;Bayern
5047;1952-01-02;2000-01-01;870;47.9394;8.1933;Titisee-Neustadt-Langenordnach;Baden-Württemberg
5049;1961-01-02;2012-05-02;846;47.8991;8.146;Titisee-Neustadt-Titisee;Baden-Württemberg
5059;1986-10-02;2007-01-01;781;47.7279;7.9988;Todtmoos;Baden-Württemberg
5063;1940-01-02;2011-06-01;724;47.7566;11.5819;Tölz, Bad;Bayern
5064;2008-12-02;2025-11-18;37;51.2897;6.4437;Tönisvorst;Nordrhein-Westfalen
5067;1941-01-02;1970-10-01;491;51.7643;9.5628;Torfhaus im Solling;Niedersachsen
5068;1940-01-02;1995-01-01;80;51.5833;13;Torgau;Sachsen
5074;1940-01-02;1965-01-01;626;47.8663;12.6566;Traunstein-Sparz;Bayern
5075;1975-10-02;2008-07-01;635;47.8516;12.6182;Traunstein-Axdorf;Bayern
5078;1944-01-02;2025-11-18;2;53.9619;10.8892;Travemünde;Schleswig-Holstein
5088;1995-01-02;2005-01-01;3;54.5337;13.246;Trent;Mecklenburg-Vorpommern
5094;1953-01-02;2006-01-01;683;48.1316;8.2283;Triberg;Baden-Württemberg
5095;1979-07-02;2005-09-02;700;48.1288;8.233;Triberg (Kurpark);Baden-Württemberg
5097;1995-01-02;2025-11-18;10;54.0661;12.7675;Tribsees;Mecklenburg-Vorpommern
5099;1911-05-02;2025-11-18;132;49.7326;6.6131;Trier-Zewen;Rheinland-Pfalz
5100;1941-01-02;2025-11-18;265;49.7479;6.6583;Trier-Petrisberg;Rheinland-Pfalz
5105;1951-01-02;1977-03-01;700;48.3132;9.2472;Trochtelfingen;Baden-Württemberg
5107;1992-06-02;2008-01-01;769;48.2814;9.3137;Trochtelfingen-Wilsingen;Baden-Württemberg
5109;2004-07-02;2025-11-18;69;53.5997;13.3039;Trollenhagen;Mecklenburg-Vorpommern
5111;1949-01-02;2025-11-18;560;48.0311;12.5396;Trostberg;Bayern
5120;1954-01-02;1986-05-01;370;48.5198;9.0515;Tübingen;Baden-Württemberg
5127;1995-02-02;2008-01-01;649;48.0083;8.8179;Tuttlingen;Baden-Württemberg
5128;1983-06-02;1995-01-01;668;47.9682;8.7899;Tuttlingen-Möhringen-Vorstadt;Baden-Württemberg
5133;2002-06-02;2025-11-18;295;51.3344;8.9132;Twistetal-Mühlhausen;Hessen
5138;1950-01-02;2008-01-01;446;47.7713;9.1562;Überlingen/Bodensee;Baden-Württemberg
5142;1951-01-02;2025-11-18;1;53.7444;14.0697;Ueckermünde;Mecklenburg-Vorpommern
5146;1955-01-02;2025-11-18;50;52.9414;10.5289;Uelzen;Niedersachsen
5149;1955-03-02;2025-11-18;306;49.5741;10.1915;Gollhofen;Bayern
5154;1978-01-02;2000-10-01;576;48.4;9.9833;Ulm-Wilhelmsburg;Baden-Württemberg
5155;1948-01-02;2018-09-02;567;48.3837;9.9524;Ulm;Baden-Württemberg
5158;1991-12-02;2025-11-18;162;52.1601;11.1759;Ummendorf;Sachsen-Anhalt
5165;1952-02-02;2011-01-01;95;52.8499;10.2898;Unterlüß;Niedersachsen
5174;1979-01-02;2010-01-01;471;48.4951;9.4003;Urach, Bad;Baden-Württemberg
5185;1975-11-02;2011-01-01;291;49.5933;11.0704;Uttenreuth;Bayern
5226;1991-06-12;2005-11-18;708;47.953;10.9151;Vilgertshofen;Bayern
5229;1951-01-02;2025-11-18;719;48.0453;8.4608;Villingen-Schwenningen;Baden-Württemberg
5236;1963-01-02;1984-01-01;51;52.8318;8.3112;Visbek;Niedersachsen
5244;1965-01-02;1986-03-01;220;49.2581;6.8612;Völklingen-Stadt;Saarland
5245;1980-01-02;2003-09-01;187;49.2495;6.8804;Völklingen (Kraftwerk-Fenne);Saarland
5249;1991-12-09;1995-01-01;464;47.95;12.1833;Vogtareuth (A);Bayern
5250;1940-01-02;2008-01-01;223;48.0908;7.6353;Vogtsburg-Oberrotweil;Baden-Württemberg
5252;1951-01-02;1962-01-01;100;52.103;9.5845;Voldagsen;Niedersachsen
5267;1967-06-02;1980-01-01;86;52.0722;11.0222;Wackersleben;Sachsen-Anhalt
5275;1989-10-02;2025-11-18;105;49.2445;8.5374;Waghäusel-Kirrlach;Baden-Württemberg
5277;2002-01-02;2013-07-01;349;50.8119;9.128;Wahlen;Hessen
5279;1955-01-02;2025-11-18;176;51.6194;9.5749;Wesertal-Lippoldsberg;Hessen
5280;1985-04-02;2025-11-18;35;53.9224;10.2267;Wittenborn;Schleswig-Holstein
5282;1921-01-02;1978-07-01;246;51.1197;13.6744;Wahnsdorf bei Dresden;Sachsen
5284;1982-01-02;1996-01-01;224;48.8279;9.3228;Waiblingen;Baden-Württemberg
5289;1987-01-02;2012-05-01;595;48.4918;8.5612;Waldachtal-Lützenhardt;Baden-Württemberg
5291;1952-01-02;1966-01-01;1005;47.976;8.1558;Waldau-Jostal;Baden-Württemberg
5296;1951-01-02;1993-05-01;376;51.207;9.0658;Waldeck;Hessen
5300;1955-01-02;2025-11-18;380;50.2596;8.3607;Waldems-Reinborn;Hessen
5306;1975-12-02;2008-01-01;940;48.9293;13.4641;Waldhäuser (National Park);Bayern
5308;1974-04-10;1991-01-01;72;52.8009;10.7562;Waldhof (Lüneburger Heide UBA);Niedersachsen
5317;1953-01-02;1962-01-01;509;50.0097;12.2979;Waldsassen;Bayern
5319;1985-08-02;2025-11-18;576;47.9167;9.7076;Waldsee, Bad-Reute;Baden-Württemberg
5320;1957-01-02;1995-07-01;330;47.6172;8.2388;Waldshut;Baden-Württemberg
5327;1985-07-15;2025-11-18;404;49.5789;9.3975;Walldürn;Baden-Württemberg
5335;1949-01-02;2025-11-18;348;50.8963;10.5484;Waltershausen;Thüringen
5344;1945-03-02;2011-01-01;2;53.7865;7.9096;Wangerooge;Niedersachsen
5347;2002-01-02;2025-11-18;236;51.5039;9.1118;Warburg;Nordrhein-Westfalen
5349;1889-07-01;2025-11-18;73;53.5196;12.6654;Waren (Müritz);Mecklenburg-Vorpommern
5361;1953-01-02;2010-01-01;270;50.6271;9.442;Wartenberg-Angersbach;Hessen
5369;1953-01-02;1998-01-01;443;48.0572;12.2202;Wasserburg;Bayern
5371;1940-01-02;2025-11-18;921;50.4973;9.9427;Wasserkuppe;Hessen
5377;1952-01-02;1957-10-01;1923;47.5714;12.9337;Watzmannhaus;Bayern
5397;1951-01-02;2025-11-18;440;49.6662;12.1844;Weiden;Bayern
5398;1952-01-02;1975-07-01;425;49.1965;10.6487;Weidenbach, Kr.Ansbach;Bayern
5403;1995-11-02;2009-01-01;309;49.59;10.2588;Weigenheim-Reusch;Bayern
5404;1940-07-02;2025-11-18;477;48.4024;11.6946;Weihenstephan-Dürnast;Bayern
5410;1951-01-02;1997-07-01;150;50.4732;8.2588;Weilburg (Kläranlage);Hessen
5412;1995-06-01;2025-11-18;771;47.6802;8.1964;Weilheim-Bierbronnen;Baden-Württemberg
5419;1954-01-02;2011-07-01;264;50.9751;11.3076;Weimar;Thüringen
5424;1953-03-02;2025-11-18;328;51.0177;11.3544;Weimar-Schöndorf;Thüringen
5426;1957-01-02;2025-11-18;553;49.3758;8.1212;Weinbiet;Rheinland-Pfalz
5429;1957-01-02;1988-07-01;219;49.1512;9.292;Weinsberg;Baden-Württemberg
5431;1951-01-02;1980-10-01;24;53.0333;11.8;Weisen bei Wittenberge;Sachsen-Anhalt
5433;1961-01-02;2025-11-18;380;49.5534;6.812;Weiskirchen/Saar;Saarland
5434;1955-01-02;1996-06-01;317;50.0858;11.2364;Weismain;Bayern
5435;1985-01-02;2008-01-01;455;48.8457;8.9073;Weissach;Baden-Württemberg
5440;1879-01-01;2025-11-18;439;49.0115;10.9308;Weißenburg-Emetzheim;Bayern
5442;1953-04-02;2010-01-01;109;51.2002;11.9154;Weißenfels;Sachsen-Anhalt
5445;1987-02-02;2012-01-01;165;51.212;10.9956;Weißensee-Ottenhausen;Thüringen
5453;1996-06-02;2008-01-01;174;48.188;7.6976;Weisweil-Waldeckhof;Baden-Württemberg
5460;1982-12-02;1988-08-01;655;48.1477;8.6954;Wellendingen;Baden-Württemberg
5463;1998-12-02;2004-02-01;58;52.0654;14.6898;Wellmitz;Brandenburg
5467;1955-01-02;2016-09-22;1832;47.7035;12.0119;Wendelstein;Bayern
5480;1979-01-02;2025-11-18;85;51.5763;7.8879;Werl;Nordrhein-Westfalen
5488;1953-01-02;1990-04-01;216;49.9622;10.0482;Mühlhausen, Kr. Schweinfurt;Bayern
5490;1951-01-02;2025-11-18;233;51.8454;10.7686;Wernigerode;Sachsen-Anhalt
5498;1951-07-11;2008-12-01;140;49.7667;9.5428;Wertheim-Eichel;Baden-Württemberg
5514;1940-01-02;1966-01-01;3;54.899;8.3117;Westerland;Schleswig-Holstein
5515;1969-01-02;1991-01-01;12;54.9231;8.308;Westerland (UBA);Schleswig-Holstein
5516;1952-01-02;2025-11-18;3;54.5283;11.0606;Fehmarn;Schleswig-Holstein
5533;1994-12-02;2008-01-01;351;51.617;10.5843;Wieda;Niedersachsen
5538;2003-02-02;2025-11-18;551;47.8827;11.1576;Wielenbach (Demollstr.);Bayern
5540;1940-01-02;2016-07-01;132;50.0652;8.2597;Wiesbaden (Süd);Hessen
5541;1991-06-02;2025-11-18;263;50.1321;8.3169;Wiesbaden-Auringen;Hessen
5543;1964-01-02;1990-08-01;235;50.0863;8.1872;Wiesbaden-Dotzheim;Hessen
5546;1971-04-02;2025-11-18;187;52.1207;12.4585;Wiesenburg;Brandenburg
5559;1953-01-02;2005-07-01;383;48.7848;8.5764;Wildbad, Bad-Calmbach;Baden-Württemberg
5560;1950-01-02;2007-12-01;740;48.7501;8.5365;Wildbad, Bad-Sommerberg;Baden-Württemberg
5562;1999-04-02;2025-11-18;571;48.6516;8.6801;Neubulach-Oberhaugstett;Baden-Württemberg
5564;1979-01-02;1996-04-01;88;51.1167;6.2167;Wildenrath;Nordrhein-Westfalen
5568;1951-01-02;2005-04-01;310;51.1056;9.1081;Wildungen, Bad;Hessen
5575;1957-01-02;2002-07-01;1;53.5901;8.106;Wilhelmshaven;Niedersachsen
5582;1944-01-02;2010-01-01;580;51.294;8.6026;Willingen/Upland;Hessen
5583;1987-08-02;2010-02-01;594;51.2818;8.6673;Willingen/Upland-Usseln;Hessen
5609;1998-08-02;2006-04-01;241;48.8031;9.4699;Winterbach, Rems-Murr-Kreis;Baden-Württemberg
5610;1962-01-02;2013-01-01;733;51.1872;8.5079;Winterberg;Nordrhein-Westfalen
5624;1951-01-02;1955-01-01;13;53.9026;11.4254;Wismar;Mecklenburg-Vorpommern
5629;1941-01-02;2025-11-18;105;51.8892;12.6445;Wittenberg;Sachsen-Anhalt
5640;1973-01-02;2025-11-18;10;53.5503;7.6672;Wittmundhafen;Niedersachsen
5642;2004-07-03;2005-09-29;72;53.1833;12.5167;Wittstock;Brandenburg
5643;1998-03-02;2025-11-18;68;53.1864;12.4949;Wittstock-Rote Mühle;Brandenburg
5644;1952-01-02;2003-09-01;133;51.3493;9.8438;Witzenhausen;Hessen
5654;1952-07-02;2012-01-01;464;49.2178;10.2296;Wörnitz-Bottenweiler;Bayern
5663;1983-01-02;2000-12-01;118;53.4618;13.6099;Woldegk;Mecklenburg-Vorpommern
5664;1962-01-02;2025-11-18;296;48.2953;8.2391;Wolfach;Baden-Württemberg
5665;1983-10-02;2014-05-02;677;47.818;9.797;Wolfegg;Baden-Württemberg
5675;1965-01-02;1992-09-01;56;52.4411;10.7587;Wolfsburg;Niedersachsen
5676;1985-04-02;2025-11-18;82;52.3962;10.6892;Wolfsburg (Südwest);Niedersachsen
5681;1985-09-02;2003-01-01;200;49.5811;7.6234;Wolfstein/Pfalz;Rheinland-Pfalz
5688;2022-11-02;2025-11-18;880;47.7003;8.1057;Dachsberg-Wolpadingen;Baden-Württemberg
5692;1940-01-02;2025-11-18;88;49.6051;8.3659;Worms;Rheinland-Pfalz
5703;1955-01-02;1990-02-01;170;49.7964;9.8949;Würzburg (Klärwerk);Bayern
5705;1951-01-02;2025-11-18;268;49.7704;9.9576;Würzburg;Bayern
5707;1905-01-02;1957-02-01;175;49.7995;9.928;Würzburg (Physikalisches-Institut);Bayern
5715;1978-01-02;2025-11-18;57;52.4626;9.4245;Wunstorf;Niedersachsen
5717;1941-01-02;2025-11-18;134;51.2256;7.1052;Wuppertal-Buchenhofen;Nordrhein-Westfalen
5719;2008-10-02;2013-12-11;235;51.2051;7.2;Remscheid;Nordrhein-Westfalen
5728;1956-04-02;1986-01-01;35;52.8039;12.8714;Wustrau-Ziethenhorst;Brandenburg
5731;1965-01-02;2025-11-18;398;47.6783;8.3801;Wutöschingen-Ofteringen;Baden-Württemberg
5732;1887-07-01;2007-07-01;8;54.6928;8.5271;Wrixum/Föhr;Schleswig-Holstein
5745;1952-07-02;2025-11-18;51;52.9664;13.3268;Zehdenick;Brandenburg
5750;1956-09-02;2025-11-18;264;51.0314;12.1495;Zeitz;Sachsen-Anhalt
5761;1907-11-02;1985-01-01;69;51.9642;12.0996;Zerbst;Sachsen-Anhalt
5778;1995-01-02;2008-08-01;2;54.0801;13.8989;Zinnowitz;Mecklenburg-Vorpommern
5779;1975-01-02;2025-11-18;877;50.7314;13.7516;Zinnwald-Georgenfeld;Sachsen
5792;1904-08-02;2025-11-18;2965;47.421;10.9848;Zugspitze;Bayern
5797;1863-12-03;2025-11-18;349;50.6879;12.4329;Lichtentanne;Sachsen
5800;2002-01-02;2025-11-18;615;49.028;13.2385;Zwiesel;Bayern
5802;1952-01-02;2007-10-01;615;49.0007;13.2137;Zwieselberg;Bayern
5821;1965-01-02;1981-01-01;36;52.8482;8.719;Bassum (A);Niedersachsen
5822;1979-10-02;2025-11-18;40;52.863;8.6988;Bassum;Niedersachsen
5825;1957-07-02;2025-11-18;40;52.6198;12.7867;Berge;Brandenburg
5832;1950-01-02;1958-12-01;50;53.1007;11.0455;Dannenberg;Niedersachsen
5839;2001-07-02;2025-11-18;0;53.3881;7.2287;Emden;Niedersachsen
5840;1978-06-02;2009-04-01;600;48.6671;8.47;Enzklösterle;Baden-Württemberg
5841;1981-03-02;1983-03-01;600;48.6667;8.4667;Enzklösterle (A);Baden-Württemberg
5851;2001-03-13;2025-11-18;392;51.0806;8.8769;Frankenberg-Geismar;Hessen
5856;2001-01-01;2025-11-18;476;48.5451;13.3532;Fürstenzell;Bayern
5871;2002-11-02;2025-11-18;497;49.9463;7.2645;Hahn;Rheinland-Pfalz
5877;2001-03-11;2025-11-18;5;54.316;10.8002;Putlos;Schleswig-Holstein
5885;1955-01-02;1981-06-01;289;48.6582;9.4203;Kirchheim/Teck-Ötlingen;Baden-Württemberg
5890;1955-01-02;1995-08-01;850;47.6777;11.0473;Kohlgrub, Bad (A);Bayern
5898;1953-03-02;1988-07-01;287;48.8943;9.2058;Ludwigsburg;Baden-Württemberg
5904;1982-05-02;2009-02-01;431;48.6493;11.7772;Mainburg;Bayern
5906;1940-01-02;2025-11-18;98;49.5062;8.5585;Mannheim;Baden-Württemberg
5912;1954-01-02;2008-01-01;169;51.0989;9.538;Malsfeld;Hessen
5920;1954-01-02;2001-08-01;91;50.4485;7.4275;Neuwied;Rheinland-Pfalz
5930;1985-08-02;2025-11-18;1;54.641;10.0238;Schönhagen (Ostseebad);Schleswig-Holstein
5941;1949-01-02;2025-11-18;686;47.6754;12.4698;Reit im Winkl;Bayern
5971;1955-01-02;1967-03-01;510;48.8787;9.6342;Welzheim (A);Baden-Württemberg
6086;2001-11-02;2004-07-01;71;52.7786;13.759;Melchow-Schönholz;Brandenburg
6091;2001-10-09;2025-11-18;14;53.7674;7.6721;Spiekeroog (SWN);Niedersachsen
6093;2002-02-02;2025-11-18;62;53.2139;10.4704;Wendisch Evern;Niedersachsen
6095;2002-05-02;2003-10-01;273;51.0838;13.4486;Taubenheim-Seeligstadt;Sachsen
6096;2002-07-18;2025-11-18;416;49.1423;10.7301;Altmühlsee;Bayern
6097;2002-11-05;2025-11-18;4;54.4738;12.5014;Darßer Ort (SWN);Mecklenburg-Vorpommern
6098;2004-05-04;2014-05-01;398;47.8147;9.0237;Stockach-Espasingen;Baden-Württemberg
6099;2004-04-21;2025-11-18;450;47.702;8.7318;Gailingen;Baden-Württemberg
6101;2003-12-17;2025-11-18;51;54.1323;11.6719;Bastorf-Kägsdorf (SWN);Mecklenburg-Vorpommern
6102;2003-04-01;2025-11-18;397;47.5396;9.6843;Lindau (SWN);Bayern
6103;2004-06-07;2025-11-18;923;47.4287;11.2617;Mittenwald/Obb.;Bayern
6105;2002-06-02;2025-11-18;14;54.3194;9.8051;Ostenfeld (Rendsburg);Schleswig-Holstein
6106;2006-07-01;2025-11-18;62;53.3311;12.7149;Rechlin;Mecklenburg-Vorpommern
6107;2003-04-15;2025-11-18;703;47.8076;9.1035;Sipplingen (SWN);Baden-Württemberg
6108;2005-06-28;2025-11-18;7;53.7197;9.4192;Ruthenstrom;Niedersachsen
6109;2002-10-02;2025-11-18;50;53.3837;14.3728;Grambow-Schwennenz;Mecklenburg-Vorpommern
6110;2002-09-02;2008-09-01;11;53.8545;13.4949;Medow-Wussentin;Mecklenburg-Vorpommern
6112;2002-10-02;2004-02-01;2;54.267;13.143;Stralsund-Devin;Mecklenburg-Vorpommern
6129;2003-05-02;2025-11-18;291;51.0593;14.4266;Sohland/Spree;Sachsen
6136;1986-08-02;1999-05-01;220;50.7;8.3;Dillenburg-Niederscheld (Kläranlage);Hessen
6157;2003-02-02;2025-11-18;8;53.641;8.0808;Wangerland-Hooksiel;Niedersachsen
6158;2003-07-02;2025-11-18;454;49.2249;10.6085;Weidenbach-Weiherschneidbach;Bayern
6159;1963-03-02;2025-11-18;8;52.9542;7.3196;Dörpen;Niedersachsen
6163;2003-10-05;2025-11-18;27;54.1654;10.3519;Dörnick;Schleswig-Holstein
6170;2004-02-02;2025-11-18;40;52.0192;14.7254;Coschen;Brandenburg
6181;1991-06-02;1997-01-01;218;51.3154;9.4281;Kassel-Wilhelmshöhe;Hessen
6182;2004-04-02;2016-03-28;404;48.7757;12.1743;Mallersdorf-Pfaffenberg;Bayern
6183;1980-02-02;1994-01-01;16;54.9101;8.3268;Westerland (Wind);Schleswig-Holstein
6184;1992-08-02;2013-06-16;6;53.5333;8.1667;Wilhelmshaven (Flugplatz);Niedersachsen
6186;2004-04-02;2023-05-28;268;50.1989;7.8651;Nastätten;Rheinland-Pfalz
6189;1975-01-02;1999-09-01;34;53.1333;9.35;Rotenburg (Wümme) (Flugplatz);Niedersachsen
6192;2004-02-02;2012-11-01;115;49.8083;7.8458;Münster am Stein, Bad;Rheinland-Pfalz
6196;2004-09-02;2025-11-18;611;50.1587;12.0386;Selb-Spielberg;Bayern
6197;2004-10-12;2025-11-18;258;51.8664;9.271;Lügde-Paenbruch;Nordrhein-Westfalen
6199;2004-08-02;2025-11-18;16;54.2484;13.0418;Steinhagen-Negast;Mecklenburg-Vorpommern
6211;1991-06-11;2025-11-18;464;47.955;12.1735;Vogtareuth (Kläranlage);Bayern
6217;2005-04-02;2025-11-18;190;49.2406;6.9351;Saarbrücken-Burbach;Saarland
6219;2005-07-02;2005-11-01;394;48.8768;11.1043;Dollnstein-Breitenfurt;Bayern
6221;1995-09-04;1998-07-01;6;53.5084;7.0781;Krummhörn (Hooge);Niedersachsen
6238;2005-11-24;2021-07-30;675;47.9946;11.269;Starnberg-Perchting;Bayern
6242;2022-10-20;2025-07-02;64;50.4088;7.489;Mülheim-Kärlich;Rheinland-Pfalz
6243;2022-07-13;2025-11-18;96;49.2506;8.4422;Philippsburg KKW;Baden-Württemberg
6244;2022-07-13;2025-11-18;145;49.365;9.0804;Obrigheim;Baden-Württemberg
6245;2022-06-12;2025-11-18;180;49.0423;9.1733;Neckarwestheim KKW;Baden-Württemberg
6247;2022-07-02;2025-11-18;307;47.6078;8.1813;Dogern (Leibstadt);Baden-Württemberg
6253;2005-10-02;2025-11-18;31;52.4228;12.5667;Brandenburg/Havel;Brandenburg
6255;2022-10-19;2023-01-01;351;49.4667;6.3968;Perl/Saar;Saarland
6258;2007-01-02;2025-11-18;461;47.6845;9.4409;Friedrichshafen-Unterraderach;Baden-Württemberg
6259;2008-06-02;2025-11-18;524;49.021;9.6033;Großerlach-Mannenweiler;Baden-Württemberg
6260;2006-12-02;2025-11-18;385;49.3328;9.704;Ingelfingen-Stachenhausen;Baden-Württemberg
6262;2006-11-02;2025-11-18;413;48.7695;9.8737;Schwäbisch Gmünd-Weiler;Baden-Württemberg
6263;2008-07-02;2025-11-18;445;47.7738;8.8219;Singen;Baden-Württemberg
6264;2008-06-02;2025-11-18;457;51.414;8.65;Brilon-Thülen;Nordrhein-Westfalen
6265;2008-05-02;2025-11-18;36;52.3613;12.3867;Wusterwitz;Brandenburg
6266;2008-09-02;2025-11-18;112;52.0304;10.9626;Huy-Pabstorf;Sachsen-Anhalt
6272;2008-10-02;2025-11-18;283;50.8426;10.2518;Moorgrund Gräfen-Nitzendorf;Thüringen
6273;2008-06-02;2025-11-18;36;52.5075;11.8551;Demker;Sachsen-Anhalt
6275;2008-07-02;2025-11-18;325;48.6705;9.4627;Notzingen;Baden-Württemberg
6277;1975-01-02;1994-05-01;66;52.4167;10.6667;Wolfsburg (Schleuse);Niedersachsen
6304;2006-10-02;2011-01-01;550;49.3533;11.5053;Pilsach-Litzlohe;Bayern
6305;2008-12-02;2025-11-18;193;51.2061;10.4978;Mühlhausen/Thüringen-Görmar;Thüringen
6310;2008-08-02;2025-11-18;1;54.1049;13.8239;Karlshagen;Mecklenburg-Vorpommern
6312;2008-11-02;2024-10-01;362;49.5314;10.6418;Markt Erlbach-Mosbach;Bayern
6314;1953-02-02;2025-11-18;306;51.0507;13.3003;Nossen;Sachsen
6336;2009-11-02;2025-11-18;288;50.0132;9.654;Lohr/Main-Halsbach;Bayern
6337;2008-08-02;2025-11-18;59;51.7663;7.5194;Lüdinghausen-Brochtrup;Nordrhein-Westfalen
6344;2008-12-02;2025-11-18;168;50.394;8.1423;Runkel-Ennerich;Hessen
6346;2009-02-02;2025-11-18;531;48.207;11.2035;Maisach-Galgen;Bayern
6347;2009-03-02;2025-11-18;305;50.0579;10.2972;Schonungen-Mainberg;Bayern
7075;2009-02-02;2025-11-18;429;48.702;11.8493;Elsendorf-Horneck;Bayern
7099;2008-11-02;2025-10-05;187;52.0111;10.3966;Liebenburg-Othfresen;Niedersachsen
7105;2009-06-02;2025-11-18;719;47.835;12.6548;Siegsdorf-Höll;Bayern
7106;2010-09-02;2025-11-18;105;52.0714;8.4565;Bielefeld-Deppendorf;Nordrhein-Westfalen
7135;1955-01-02;2009-01-01;565;47.9655;9.6804;Aulendorf-Haslach;Baden-Württemberg
7187;2008-12-02;2025-11-18;194;49.7636;9.4063;Freudenberg/Main-Boxtal;Baden-Württemberg
7244;1971-01-02;2008-10-01;62;53.1424;13.0319;Neuglobsow (HM);Brandenburg
7298;2009-07-02;2025-11-18;5;54.5268;9.0425;Hattstedt;Schleswig-Holstein
7308;1989-02-07;2022-01-26;541;47.8847;11.154;Wielenbach;Bayern
7319;2009-03-02;2025-11-18;435;48.7374;10.7393;Donauwörth-Osterweiler;Bayern
7321;2009-09-02;2025-11-18;160;51.1507;11.3321;Olbersleben;Thüringen
7325;2015-09-02;2021-01-17;2650;47.4167;10.9794;Schneefernerhaus;Bayern
7329;2009-11-02;2025-11-18;465;50.5467;12.2863;Treuen;Sachsen
7330;2009-10-02;2025-11-18;159;51.4633;7.978;Arnsberg-Neheim;Nordrhein-Westfalen
7331;2009-09-02;2025-11-18;467;48.6099;10.2674;Hermaringen-Allewind;Baden-Württemberg
7341;2009-07-16;2025-11-18;119;50.0899;8.7862;Offenbach-Wetterpark;Hessen
7343;2010-04-02;2025-11-18;689;50.62;13.4817;Deutschneudorf-Brüderwiese;Sachsen
7350;2010-08-02;2025-11-18;585;49.1088;12.8231;Prackenbach-Neuhäusl;Bayern
7351;2009-09-09;2025-11-18;116;53.3175;13.4175;Feldberg/Mecklenburg;Mecklenburg-Vorpommern
7364;2011-01-02;2025-11-18;74;51.6818;12.3053;Jeßnitz;Sachsen-Anhalt
7367;2011-12-02;2025-11-18;144;51.9643;9.8072;Alfeld;Niedersachsen
7368;2011-11-02;2025-11-18;312;51.0007;10.3621;Eisenach;Thüringen
7369;2011-11-02;2025-11-18;475;49.1623;10.3661;Feuchtwangen-Heilbronn;Bayern
7370;2010-12-12;2025-11-18;499;49.391;12.6838;Waldmünchen;Bayern
7373;2010-03-02;2025-11-18;3;53.5984;6.7024;Borkum-Flugplatz;Niedersachsen
7374;2010-03-02;2025-11-18;46;52.0813;6.9409;Ahaus;Nordrhein-Westfalen
7389;2010-12-02;2025-11-18;82;52.7461;13.8427;Heckelberg;Brandenburg
7391;2016-02-02;2025-11-18;443;49.5561;8.9669;Oberzent-Beerfelden-Vogelherd;Hessen
7392;2012-01-02;2025-11-18;304;50.3332;10.4487;Aubstadt;Bayern
7393;2014-01-02;2025-11-18;116;51.4493;14.2533;Hoyerswerda;Sachsen
7394;2010-06-02;2025-11-18;622;50.0315;11.9745;Wunsiedel-Schönbrunn;Bayern
7395;2011-12-02;2025-11-18;351;48.6595;12.5388;Gottfrieding;Bayern
7396;2012-05-02;2025-11-18;743;50.5084;9.2246;Hoherodskopf/Vogelsberg;Hessen
7403;2011-03-31;2025-11-18;672;47.7955;10.0324;Leutkirch-Herlazhofen;Baden-Württemberg
7410;2015-02-02;2025-11-18;350;50.7513;9.0224;Neu-Ulrichstein;Hessen
7412;2010-10-02;2025-11-18;340;50.0083;9.4238;Neuhütten/Spessart;Bayern
7416;2012-09-12;2025-11-18;541;51.0112;8.2733;Birkelbach;Nordrhein-Westfalen
7419;2010-12-02;2025-11-18;389;50.661;12.0756;Langenwetzendorf-Göttendorf;Thüringen
7420;2011-04-02;2025-11-18;246;51.1044;11.7112;Naumburg/Saale-Kreipitzsch;Sachsen-Anhalt
7424;2010-12-02;2025-11-18;457;47.7724;12.9073;Piding;Bayern
7427;2011-09-02;2025-11-18;17;54.0188;9.9255;Padenstedt (Pony-Park);Schleswig-Holstein
7428;2011-05-02;2025-11-18;397;50.4167;10.8156;Veilsdorf;Thüringen
7431;2011-11-02;2025-11-18;604;48.013;11.5524;Oberhaching-Laufzorn;Bayern
7432;2011-05-02;2025-11-18;72;52.6423;10.6627;Wittingen-Vorhop;Niedersachsen
10510;2013-01-02;2025-11-18;244;48.8059;9.5046;Winterbach/Remstal;Baden-Württemberg
13667;2010-11-24;2012-07-07;274;48.0006;7.845;Freiburg-Mitte;Baden-Württemberg
13670;2011-06-02;2025-11-18;24;51.5088;6.7018;Duisburg-Baerl;Nordrhein-Westfalen
13674;2011-08-02;2025-11-18;237;49.2943;8.9053;Waibstadt;Baden-Württemberg
13675;2011-11-02;2025-11-18;77;52.0818;9.4077;Hameln-Hastenbeck;Niedersachsen
13676;2014-01-02;2025-11-18;378;48.8608;12.0323;Langquaid-Oberschneidhart;Bayern
13693;2012-06-12;2025-11-18;70;51.9258;8.3111;Gütersloh/Ems;Nordrhein-Westfalen
13696;2011-12-02;2025-11-18;60;51.5966;7.4048;Waltrop-Abdinghof;Nordrhein-Westfalen
13700;2012-05-02;2025-11-18;203;51.3329;7.3412;Gevelsberg-Oberbröking;Nordrhein-Westfalen
13701;2012-09-02;2025-11-18;250;51.1945;9.9885;Eschwege-Eltmannshausen;Hessen
13710;2012-04-02;2025-11-18;490;48.5734;12.2576;Landshut-Reithof;Bayern
13711;2011-12-02;2025-11-18;289;50.682;11.515;Krölpa-Rockendorf;Thüringen
13713;2011-11-02;2025-11-18;386;51.0899;7.6289;Meinerzhagen-Redlendorf;Nordrhein-Westfalen
13776;2012-03-02;2015-01-01;85;52.1789;9.9524;Hildesheim-Drispenstedt;Niedersachsen
13777;2012-06-02;2025-11-18;110;52.2467;10.9592;Helmstedt-Emmerstedt;Niedersachsen
13876;1926-01-02;1949-02-01;755;50.7667;13.7333;Altenberg-Raupennest;Sachsen
13900;1999-01-02;2025-11-18;145;50.2688;9.358;Soden,Bad-Salmünster (Kläranlage);Hessen
13901;1983-02-02;2025-11-18;41;51.7343;7.1998;Haltern (Wasserwerk);Nordrhein-Westfalen
13903;2012-09-29;2013-09-01;15;54.0167;8.3167;Bake Zulu;Niedersachsen
13904;2012-09-29;2012-12-31;3;55;6.3333;Nordseeboje 2;Hamburg
13932;1991-05-22;2025-11-18;388;48.3617;13.1938;Rotthalmünster (Landwirtschaftsamt);Bayern
13952;2013-02-02;2025-11-18;278;51.4089;8.0094;Arnsberg-Müschede;Nordrhein-Westfalen
13965;2012-12-02;2025-11-18;619;48.2639;8.8134;Balingen-Bronnhaupten;Baden-Württemberg
14003;1978-10-02;1984-10-01;728;47.8619;10.6144;Kaufbeuren (Flugplatz);Bayern
14138;2013-09-15;2021-01-17;73;52.1655;14.1224;Falkenberg (Grenzschichtmessfeld);Brandenburg
14311;1965-01-02;2010-01-01;530;50.15;6.5528;Hersdorf-Weißenseifen;Rheinland-Pfalz
15000;2015-04-02;2025-11-18;231;50.7983;6.0244;Aachen-Orsbach;Nordrhein-Westfalen
15044;2015-10-02;2025-11-18;199;50.4517;7.4058;Neuwied-Feldkirchen-Hüllenberg;Rheinland-Pfalz
15120;2016-03-02;2025-11-18;379;51.5572;8.7019;Haaren;Nordrhein-Westfalen
15122;2016-04-02;2025-11-18;380;49.52;10.2854;Ergersheim-Neuherberg;Bayern
15189;2017-05-02;2025-11-18;12;53.8281;12.5936;Sukow-Levitzow;Mecklenburg-Vorpommern
15190;2022-07-02;2025-11-18;18;51.6802;6.4349;Xanten (Wasserwerk);Nordrhein-Westfalen
15200;2017-06-02;2025-11-18;327;51.2531;7.2157;Wuppertal;Nordrhein-Westfalen
15207;2017-11-02;2025-11-18;317;51.2835;9.359;Schauenburg-Elgershausen;Hessen
15214;2017-11-02;2025-11-18;808;47.6248;10.8075;Halblech-Bayerniederhofen;Bayern
15444;2018-09-02;2025-11-18;593;48.4418;9.9216;Ulm-Mähringen;Baden-Württemberg
15520;2019-09-02;2025-11-18;656;47.819;12.2956;Frasdorf-Greimelberg;Bayern
15526;1891-01-01;1940-01-01;29;53.5467;9.9716;Hamburg (Deutsche Seewarte);Hamburg
15547;2020-10-02;2025-11-18;215;49.1259;9.1428;Heilbronn/Neckar;Baden-Württemberg
15555;2020-05-02;2025-11-18;815;47.8761;10.5849;Kaufbeuren-Oberbeuren;Bayern
15801;2024-10-02;2025-11-18;717;48.8257;13.5922;Hinterschmiding-Sonndorf;Bayern
15911;2025-06-03;2025-11-18;278;51.1348;14.4343;Großpostwitz-Denkwitz;Sachsen
15926;1955-01-02;1959-10-21;370;49.341;12.133;Fronberg (Schwandorf);Bayern
15951;1980-04-02;2008-09-01;280;49.2121;7.5882;Pirmasens (Kläranlage);Rheinland-Pfalz
15963;1958-01-02;2008-12-01;40;51.3258;6.5089;St. Tönis;Nordrhein-Westfalen
15965;1973-05-02;1988-09-01;350;50.3102;9.7838;Brückenau, Bad (Elisabethenhof);Bayern
15976;2024-04-03;2025-11-17;216;49.9529;8.2107;Ober-Olm/Bellem;Rheinland-Pfalz
15978;2024-04-03;2025-11-18;316;49.5044;7.8618;Sembach;Rheinland-Pfalz
15979;1952-01-02;1983-04-01;426;49.9311;7.5153;Sargenroth;Rheinland-Pfalz
16085;1964-07-02;1966-01-01;8;53.5874;8.6011;Leherheide;Bremen
19087;1961-05-02;1999-12-01;645;48.8049;13.5528;Freyung vorm Wald;Bayern
19171;2024-09-02;2025-11-18;13;54.0038;9.8553;Hasenkrug-Hardebek;Schleswig-Holstein
19172;2024-09-02;2025-11-18;48;54.0246;9.388;Wacken;Schleswig-Holstein
19317;1978-01-02;1985-07-01;486;48.2333;11.5667;Oberschleißheim/Flugplatz;Bayern
19318;1950-11-02;1983-01-01;292;50.718;10.431;Schmalkalden;Thüringen
